PlayerId;Team;NTC;NMC;ELC;UFA;Scholarship;Average Salary;Major 2035;Major 2036;Major 2037;Major 2038;Major 2039;Major 2040;Major 2041;Major 2042;Major 2043;Major 2044;Major 2045;Major 2046;Major 2047;Major 2048;Minor 2035;Minor 2036;Minor 2037;Minor 2038;Minor 2039;Minor 2040;Minor 2041;Minor 2042;Minor 2043;Minor 2044;Minor 2045;Minor 2046;Minor 2047;Minor 2048
182240;423;No;No;No;No;None;0;0;0;0;0;-1;-1;-1;-1;-1;-1;-1;-1;-1;-1;0;0;0;0;-1;-1;-1;-1;-1;-1;-1;-1;-1;-1
161385;435;No;No;No;No;None;0;0;0;0;0;-1;-1;-1;-1;-1;-1;-1;-1;-1;-1;0;0;0;0;-1;-1;-1;-1;-1;-1;-1;-1;-1;-1
171787;4849;No;No;No;No;None;0;0;0;0;0;-1;-1;-1;-1;-1;-1;-1;-1;-1;-1;0;0;0;0;-1;-1;-1;-1;-1;-1;-1;-1;-1;-1
182272;438;No;No;No;No;Full;0;0;0;0;0;-1;-1;-1;-1;-1;-1;-1;-1;-1;-1;0;0;0;0;-1;-1;-1;-1;-1;-1;-1;-1;-1;-1
187491;420;No;No;No;No;Full;0;0;0;0;0;-1;-1;-1;-1;-1;-1;-1;-1;-1;-1;0;0;0;0;-1;-1;-1;-1;-1;-1;-1;-1;-1;-1
197988;192;No;No;No;No;None;0;0;0;0;0;-1;-1;-1;-1;-1;-1;-1;-1;-1;-1;0;0;0;0;-1;-1;-1;-1;-1;-1;-1;-1;-1;-1
182283;441;No;No;No;No;Partial;0;0;0;0;0;-1;-1;-1;-1;-1;-1;-1;-1;-1;-1;0;0;0;0;-1;-1;-1;-1;-1;-1;-1;-1;-1;-1
198000;4864;No;No;No;No;Partial;0;0;0;0;0;-1;-1;-1;-1;-1;-1;-1;-1;-1;-1;0;0;0;0;-1;-1;-1;-1;-1;-1;-1;-1;-1;-1
198011;1505;No;No;No;No;None;0;0;0;0;0;-1;-1;-1;-1;-1;-1;-1;-1;-1;-1;0;0;0;0;-1;-1;-1;-1;-1;-1;-1;-1;-1;-1
634;2465;No;No;No;No;-;59500;59500;-1;-1;-1;-1;-1;-1;-1;-1;-1;-1;-1;-1;-1;59500;-1;-1;-1;-1;-1;-1;-1;-1;-1;-1;-1;-1;-1
166597;435;No;No;No;No;Partial;0;0;0;0;0;-1;-1;-1;-1;-1;-1;-1;-1;-1;-1;0;0;0;0;-1;-1;-1;-1;-1;-1;-1;-1;-1;-1
161520;436;No;No;No;No;None;0;0;0;0;0;-1;-1;-1;-1;-1;-1;-1;-1;-1;-1;0;0;0;0;-1;-1;-1;-1;-1;-1;-1;-1;-1;-1
198042;230;No;No;No;No;None;0;0;0;0;0;-1;-1;-1;-1;-1;-1;-1;-1;-1;-1;0;0;0;0;-1;-1;-1;-1;-1;-1;-1;-1;-1;-1
171834;434;No;No;No;No;None;0;0;0;0;0;-1;-1;-1;-1;-1;-1;-1;-1;-1;-1;0;0;0;0;-1;-1;-1;-1;-1;-1;-1;-1;-1;-1
177067;421;No;No;No;No;None;0;0;0;0;0;-1;-1;-1;-1;-1;-1;-1;-1;-1;-1;0;0;0;0;-1;-1;-1;-1;-1;-1;-1;-1;-1;-1
187522;204;No;No;No;No;Full;0;0;0;0;0;-1;-1;-1;-1;-1;-1;-1;-1;-1;-1;0;0;0;0;-1;-1;-1;-1;-1;-1;-1;-1;-1;-1
198055;187;No;No;No;No;None;0;0;0;0;0;-1;-1;-1;-1;-1;-1;-1;-1;-1;-1;0;0;0;0;-1;-1;-1;-1;-1;-1;-1;-1;-1;-1
198056;187;No;No;No;No;None;0;0;0;0;0;-1;-1;-1;-1;-1;-1;-1;-1;-1;-1;0;0;0;0;-1;-1;-1;-1;-1;-1;-1;-1;-1;-1
182319;437;No;No;No;No;Partial;0;0;0;0;0;-1;-1;-1;-1;-1;-1;-1;-1;-1;-1;0;0;0;0;-1;-1;-1;-1;-1;-1;-1;-1;-1;-1
177074;422;No;No;No;No;Partial;0;0;0;0;0;-1;-1;-1;-1;-1;-1;-1;-1;-1;-1;0;0;0;0;-1;-1;-1;-1;-1;-1;-1;-1;-1;-1
177076;414;No;No;No;No;Partial;0;0;0;0;0;-1;-1;-1;-1;-1;-1;-1;-1;-1;-1;0;0;0;0;-1;-1;-1;-1;-1;-1;-1;-1;-1;-1
192790;4864;No;No;No;No;None;0;0;0;0;0;-1;-1;-1;-1;-1;-1;-1;-1;-1;-1;0;0;0;0;-1;-1;-1;-1;-1;-1;-1;-1;-1;-1
171852;411;No;No;No;No;None;0;0;0;0;0;-1;-1;-1;-1;-1;-1;-1;-1;-1;-1;0;0;0;0;-1;-1;-1;-1;-1;-1;-1;-1;-1;-1
182333;434;No;No;No;No;None;0;0;0;0;0;-1;-1;-1;-1;-1;-1;-1;-1;-1;-1;0;0;0;0;-1;-1;-1;-1;-1;-1;-1;-1;-1;-1
182335;439;No;No;No;No;Partial;0;0;0;0;0;-1;-1;-1;-1;-1;-1;-1;-1;-1;-1;0;0;0;0;-1;-1;-1;-1;-1;-1;-1;-1;-1;-1
198074;195;No;No;No;No;Partial;0;0;0;0;0;-1;-1;-1;-1;-1;-1;-1;-1;-1;-1;0;0;0;0;-1;-1;-1;-1;-1;-1;-1;-1;-1;-1
182345;417;No;No;No;No;Partial;0;0;0;0;0;-1;-1;-1;-1;-1;-1;-1;-1;-1;-1;0;0;0;0;-1;-1;-1;-1;-1;-1;-1;-1;-1;-1
166661;419;No;No;No;No;None;0;0;0;0;0;-1;-1;-1;-1;-1;-1;-1;-1;-1;-1;0;0;0;0;-1;-1;-1;-1;-1;-1;-1;-1;-1;-1
198089;192;No;No;No;No;None;0;0;0;0;0;-1;-1;-1;-1;-1;-1;-1;-1;-1;-1;0;0;0;0;-1;-1;-1;-1;-1;-1;-1;-1;-1;-1
182358;430;No;No;No;No;Partial;0;0;0;0;0;-1;-1;-1;-1;-1;-1;-1;-1;-1;-1;0;0;0;0;-1;-1;-1;-1;-1;-1;-1;-1;-1;-1
182361;421;No;No;No;No;None;0;0;0;0;0;-1;-1;-1;-1;-1;-1;-1;-1;-1;-1;0;0;0;0;-1;-1;-1;-1;-1;-1;-1;-1;-1;-1
198090;4960;No;No;No;No;Partial;0;0;0;0;0;-1;-1;-1;-1;-1;-1;-1;-1;-1;-1;0;0;0;0;-1;-1;-1;-1;-1;-1;-1;-1;-1;-1
187547;434;No;No;No;No;Partial;0;0;0;0;0;-1;-1;-1;-1;-1;-1;-1;-1;-1;-1;0;0;0;0;-1;-1;-1;-1;-1;-1;-1;-1;-1;-1
177127;430;No;No;No;No;Partial;0;0;0;0;0;-1;-1;-1;-1;-1;-1;-1;-1;-1;-1;0;0;0;0;-1;-1;-1;-1;-1;-1;-1;-1;-1;-1
182375;204;No;No;No;No;None;0;0;0;0;0;-1;-1;-1;-1;-1;-1;-1;-1;-1;-1;0;0;0;0;-1;-1;-1;-1;-1;-1;-1;-1;-1;-1
187549;433;No;No;No;No;Partial;0;0;0;0;0;-1;-1;-1;-1;-1;-1;-1;-1;-1;-1;0;0;0;0;-1;-1;-1;-1;-1;-1;-1;-1;-1;-1
198101;230;No;No;No;No;None;0;0;0;0;0;-1;-1;-1;-1;-1;-1;-1;-1;-1;-1;0;0;0;0;-1;-1;-1;-1;-1;-1;-1;-1;-1;-1
198102;231;No;No;No;No;None;0;0;0;0;0;-1;-1;-1;-1;-1;-1;-1;-1;-1;-1;0;0;0;0;-1;-1;-1;-1;-1;-1;-1;-1;-1;-1
198103;230;No;No;No;No;None;0;0;0;0;0;-1;-1;-1;-1;-1;-1;-1;-1;-1;-1;0;0;0;0;-1;-1;-1;-1;-1;-1;-1;-1;-1;-1
177139;433;No;No;No;No;Partial;0;0;0;0;0;-1;-1;-1;-1;-1;-1;-1;-1;-1;-1;0;0;0;0;-1;-1;-1;-1;-1;-1;-1;-1;-1;-1
182388;436;No;No;No;No;Partial;0;0;0;0;0;-1;-1;-1;-1;-1;-1;-1;-1;-1;-1;0;0;0;0;-1;-1;-1;-1;-1;-1;-1;-1;-1;-1
182390;432;No;No;No;No;Partial;0;0;0;0;0;-1;-1;-1;-1;-1;-1;-1;-1;-1;-1;0;0;0;0;-1;-1;-1;-1;-1;-1;-1;-1;-1;-1
182401;422;No;No;No;No;Partial;0;0;0;0;0;-1;-1;-1;-1;-1;-1;-1;-1;-1;-1;0;0;0;0;-1;-1;-1;-1;-1;-1;-1;-1;-1;-1
171907;414;No;No;No;No;None;0;0;0;0;0;-1;-1;-1;-1;-1;-1;-1;-1;-1;-1;0;0;0;0;-1;-1;-1;-1;-1;-1;-1;-1;-1;-1
187563;415;No;No;No;No;Partial;0;0;0;0;0;-1;-1;-1;-1;-1;-1;-1;-1;-1;-1;0;0;0;0;-1;-1;-1;-1;-1;-1;-1;-1;-1;-1
187577;438;No;No;No;No;Partial;0;0;0;0;0;-1;-1;-1;-1;-1;-1;-1;-1;-1;-1;0;0;0;0;-1;-1;-1;-1;-1;-1;-1;-1;-1;-1
192877;193;No;No;No;No;None;0;0;0;0;0;-1;-1;-1;-1;-1;-1;-1;-1;-1;-1;0;0;0;0;-1;-1;-1;-1;-1;-1;-1;-1;-1;-1
187589;426;No;No;No;No;Partial;0;0;0;0;0;-1;-1;-1;-1;-1;-1;-1;-1;-1;-1;0;0;0;0;-1;-1;-1;-1;-1;-1;-1;-1;-1;-1
198143;218;No;No;No;No;Partial;0;0;0;0;0;-1;-1;-1;-1;-1;-1;-1;-1;-1;-1;0;0;0;0;-1;-1;-1;-1;-1;-1;-1;-1;-1;-1
198147;176;No;No;No;No;Partial;0;0;0;0;0;-1;-1;-1;-1;-1;-1;-1;-1;-1;-1;0;0;0;0;-1;-1;-1;-1;-1;-1;-1;-1;-1;-1
198149;188;No;No;No;No;Partial;0;0;0;0;0;-1;-1;-1;-1;-1;-1;-1;-1;-1;-1;0;0;0;0;-1;-1;-1;-1;-1;-1;-1;-1;-1;-1
198150;224;No;No;No;No;Partial;0;0;0;0;0;-1;-1;-1;-1;-1;-1;-1;-1;-1;-1;0;0;0;0;-1;-1;-1;-1;-1;-1;-1;-1;-1;-1
171951;432;No;No;No;No;None;0;0;0;0;0;-1;-1;-1;-1;-1;-1;-1;-1;-1;-1;0;0;0;0;-1;-1;-1;-1;-1;-1;-1;-1;-1;-1
198156;211;No;No;No;No;Partial;0;0;0;0;0;-1;-1;-1;-1;-1;-1;-1;-1;-1;-1;0;0;0;0;-1;-1;-1;-1;-1;-1;-1;-1;-1;-1
198161;220;No;No;No;No;None;0;0;0;0;0;-1;-1;-1;-1;-1;-1;-1;-1;-1;-1;0;0;0;0;-1;-1;-1;-1;-1;-1;-1;-1;-1;-1
198165;212;No;No;No;No;Partial;0;0;0;0;0;-1;-1;-1;-1;-1;-1;-1;-1;-1;-1;0;0;0;0;-1;-1;-1;-1;-1;-1;-1;-1;-1;-1
198167;211;No;No;No;No;Partial;0;0;0;0;0;-1;-1;-1;-1;-1;-1;-1;-1;-1;-1;0;0;0;0;-1;-1;-1;-1;-1;-1;-1;-1;-1;-1
182486;203;No;No;No;No;None;0;0;0;0;0;-1;-1;-1;-1;-1;-1;-1;-1;-1;-1;0;0;0;0;-1;-1;-1;-1;-1;-1;-1;-1;-1;-1
198175;207;No;No;No;No;None;0;0;0;0;0;-1;-1;-1;-1;-1;-1;-1;-1;-1;-1;0;0;0;0;-1;-1;-1;-1;-1;-1;-1;-1;-1;-1
198176;205;No;No;No;No;Partial;0;0;0;0;0;-1;-1;-1;-1;-1;-1;-1;-1;-1;-1;0;0;0;0;-1;-1;-1;-1;-1;-1;-1;-1;-1;-1
198178;217;No;No;No;No;Full;0;0;0;0;0;-1;-1;-1;-1;-1;-1;-1;-1;-1;-1;0;0;0;0;-1;-1;-1;-1;-1;-1;-1;-1;-1;-1
198183;208;No;No;No;No;Full;0;0;0;0;0;-1;-1;-1;-1;-1;-1;-1;-1;-1;-1;0;0;0;0;-1;-1;-1;-1;-1;-1;-1;-1;-1;-1
192935;180;No;No;No;No;None;0;0;0;0;0;-1;-1;-1;-1;-1;-1;-1;-1;-1;-1;0;0;0;0;-1;-1;-1;-1;-1;-1;-1;-1;-1;-1
192936;215;No;No;No;No;Partial;0;0;0;0;0;-1;-1;-1;-1;-1;-1;-1;-1;-1;-1;0;0;0;0;-1;-1;-1;-1;-1;-1;-1;-1;-1;-1
192941;190;No;No;No;No;None;0;0;0;0;0;-1;-1;-1;-1;-1;-1;-1;-1;-1;-1;0;0;0;0;-1;-1;-1;-1;-1;-1;-1;-1;-1;-1
187693;232;No;No;No;No;Partial;0;0;0;0;0;-1;-1;-1;-1;-1;-1;-1;-1;-1;-1;0;0;0;0;-1;-1;-1;-1;-1;-1;-1;-1;-1;-1
162864;413;No;No;No;No;None;0;0;0;0;0;-1;-1;-1;-1;-1;-1;-1;-1;-1;-1;0;0;0;0;-1;-1;-1;-1;-1;-1;-1;-1;-1;-1
162867;435;No;No;No;No;Partial;0;0;0;0;0;-1;-1;-1;-1;-1;-1;-1;-1;-1;-1;0;0;0;0;-1;-1;-1;-1;-1;-1;-1;-1;-1;-1
162892;430;No;No;No;No;Partial;0;0;0;0;0;-1;-1;-1;-1;-1;-1;-1;-1;-1;-1;0;0;0;0;-1;-1;-1;-1;-1;-1;-1;-1;-1;-1
5426;1861;No;No;No;No;-;35000;35000;-1;-1;-1;-1;-1;-1;-1;-1;-1;-1;-1;-1;-1;35000;-1;-1;-1;-1;-1;-1;-1;-1;-1;-1;-1;-1;-1
162931;443;No;No;No;No;None;0;0;0;0;0;-1;-1;-1;-1;-1;-1;-1;-1;-1;-1;0;0;0;0;-1;-1;-1;-1;-1;-1;-1;-1;-1;-1
193206;211;No;No;No;No;Partial;0;0;0;0;0;-1;-1;-1;-1;-1;-1;-1;-1;-1;-1;0;0;0;0;-1;-1;-1;-1;-1;-1;-1;-1;-1;-1
163077;413;No;No;No;No;None;0;0;0;0;0;-1;-1;-1;-1;-1;-1;-1;-1;-1;-1;0;0;0;0;-1;-1;-1;-1;-1;-1;-1;-1;-1;-1
7019;1426;No;No;No;No;-;28000;28000;-1;-1;-1;-1;-1;-1;-1;-1;-1;-1;-1;-1;-1;28000;-1;-1;-1;-1;-1;-1;-1;-1;-1;-1;-1;-1;-1
163319;438;No;No;No;No;Partial;0;0;0;0;0;-1;-1;-1;-1;-1;-1;-1;-1;-1;-1;0;0;0;0;-1;-1;-1;-1;-1;-1;-1;-1;-1;-1
163338;428;No;No;No;No;None;0;0;0;0;0;-1;-1;-1;-1;-1;-1;-1;-1;-1;-1;0;0;0;0;-1;-1;-1;-1;-1;-1;-1;-1;-1;-1
163546;414;No;No;No;No;None;0;0;0;0;0;-1;-1;-1;-1;-1;-1;-1;-1;-1;-1;0;0;0;0;-1;-1;-1;-1;-1;-1;-1;-1;-1;-1
163550;439;No;No;No;No;None;0;0;0;0;0;-1;-1;-1;-1;-1;-1;-1;-1;-1;-1;0;0;0;0;-1;-1;-1;-1;-1;-1;-1;-1;-1;-1
163552;420;No;No;No;No;None;0;0;0;0;0;-1;-1;-1;-1;-1;-1;-1;-1;-1;-1;0;0;0;0;-1;-1;-1;-1;-1;-1;-1;-1;-1;-1
163553;442;No;No;No;No;Partial;0;0;0;0;0;-1;-1;-1;-1;-1;-1;-1;-1;-1;-1;0;0;0;0;-1;-1;-1;-1;-1;-1;-1;-1;-1;-1
163561;431;No;No;No;No;Partial;0;0;0;0;0;-1;-1;-1;-1;-1;-1;-1;-1;-1;-1;0;0;0;0;-1;-1;-1;-1;-1;-1;-1;-1;-1;-1
163597;437;No;No;No;No;None;0;0;0;0;0;-1;-1;-1;-1;-1;-1;-1;-1;-1;-1;0;0;0;0;-1;-1;-1;-1;-1;-1;-1;-1;-1;-1
163618;441;No;No;No;No;None;0;0;0;0;0;-1;-1;-1;-1;-1;-1;-1;-1;-1;-1;0;0;0;0;-1;-1;-1;-1;-1;-1;-1;-1;-1;-1
199216;196;No;No;No;No;Full;0;0;0;0;0;-1;-1;-1;-1;-1;-1;-1;-1;-1;-1;0;0;0;0;-1;-1;-1;-1;-1;-1;-1;-1;-1;-1
164498;34;No;No;No;No;-;1400000;1400000;1400000;-1;-1;-1;-1;-1;-1;-1;-1;-1;-1;-1;-1;-1;-1;-1;-1;-1;-1;-1;-1;-1;-1;-1;-1;-1;-1
199338;211;No;No;No;No;Partial;0;0;0;0;0;-1;-1;-1;-1;-1;-1;-1;-1;-1;-1;0;0;0;0;-1;-1;-1;-1;-1;-1;-1;-1;-1;-1
199352;187;No;No;No;No;None;0;0;0;0;0;-1;-1;-1;-1;-1;-1;-1;-1;-1;-1;0;0;0;0;-1;-1;-1;-1;-1;-1;-1;-1;-1;-1
199383;187;No;No;No;No;None;0;0;0;0;0;-1;-1;-1;-1;-1;-1;-1;-1;-1;-1;0;0;0;0;-1;-1;-1;-1;-1;-1;-1;-1;-1;-1
199400;187;No;No;No;No;None;0;0;0;0;0;-1;-1;-1;-1;-1;-1;-1;-1;-1;-1;0;0;0;0;-1;-1;-1;-1;-1;-1;-1;-1;-1;-1
199413;231;No;No;No;No;None;0;0;0;0;0;-1;-1;-1;-1;-1;-1;-1;-1;-1;-1;0;0;0;0;-1;-1;-1;-1;-1;-1;-1;-1;-1;-1
199416;191;No;No;No;No;None;0;0;0;0;0;-1;-1;-1;-1;-1;-1;-1;-1;-1;-1;0;0;0;0;-1;-1;-1;-1;-1;-1;-1;-1;-1;-1
199436;229;No;No;No;No;Partial;0;0;0;0;0;-1;-1;-1;-1;-1;-1;-1;-1;-1;-1;0;0;0;0;-1;-1;-1;-1;-1;-1;-1;-1;-1;-1
199450;213;No;No;No;No;Partial;0;0;0;0;0;-1;-1;-1;-1;-1;-1;-1;-1;-1;-1;0;0;0;0;-1;-1;-1;-1;-1;-1;-1;-1;-1;-1
167924;433;No;No;No;No;None;0;0;0;0;0;-1;-1;-1;-1;-1;-1;-1;-1;-1;-1;0;0;0;0;-1;-1;-1;-1;-1;-1;-1;-1;-1;-1
199490;193;No;No;No;No;None;0;0;0;0;0;-1;-1;-1;-1;-1;-1;-1;-1;-1;-1;0;0;0;0;-1;-1;-1;-1;-1;-1;-1;-1;-1;-1
199547;198;No;No;No;No;None;0;0;0;0;0;-1;-1;-1;-1;-1;-1;-1;-1;-1;-1;0;0;0;0;-1;-1;-1;-1;-1;-1;-1;-1;-1;-1
165007;423;No;No;No;No;None;0;0;0;0;0;-1;-1;-1;-1;-1;-1;-1;-1;-1;-1;0;0;0;0;-1;-1;-1;-1;-1;-1;-1;-1;-1;-1
165023;438;No;No;No;No;Partial;0;0;0;0;0;-1;-1;-1;-1;-1;-1;-1;-1;-1;-1;0;0;0;0;-1;-1;-1;-1;-1;-1;-1;-1;-1;-1
183506;193;No;No;No;No;None;0;0;0;0;0;-1;-1;-1;-1;-1;-1;-1;-1;-1;-1;0;0;0;0;-1;-1;-1;-1;-1;-1;-1;-1;-1;-1
165034;434;No;No;No;No;None;0;0;0;0;0;-1;-1;-1;-1;-1;-1;-1;-1;-1;-1;0;0;0;0;-1;-1;-1;-1;-1;-1;-1;-1;-1;-1
199579;193;No;No;No;No;None;0;0;0;0;0;-1;-1;-1;-1;-1;-1;-1;-1;-1;-1;0;0;0;0;-1;-1;-1;-1;-1;-1;-1;-1;-1;-1
167966;430;No;No;No;No;None;0;0;0;0;0;-1;-1;-1;-1;-1;-1;-1;-1;-1;-1;0;0;0;0;-1;-1;-1;-1;-1;-1;-1;-1;-1;-1
199586;193;No;No;No;No;None;0;0;0;0;0;-1;-1;-1;-1;-1;-1;-1;-1;-1;-1;0;0;0;0;-1;-1;-1;-1;-1;-1;-1;-1;-1;-1
199602;192;No;No;No;No;None;0;0;0;0;0;-1;-1;-1;-1;-1;-1;-1;-1;-1;-1;0;0;0;0;-1;-1;-1;-1;-1;-1;-1;-1;-1;-1
165092;4849;No;No;No;No;None;0;0;0;0;0;-1;-1;-1;-1;-1;-1;-1;-1;-1;-1;0;0;0;0;-1;-1;-1;-1;-1;-1;-1;-1;-1;-1
165168;421;No;No;No;No;None;0;0;0;0;0;-1;-1;-1;-1;-1;-1;-1;-1;-1;-1;0;0;0;0;-1;-1;-1;-1;-1;-1;-1;-1;-1;-1
199649;194;No;No;No;No;None;0;0;0;0;0;-1;-1;-1;-1;-1;-1;-1;-1;-1;-1;0;0;0;0;-1;-1;-1;-1;-1;-1;-1;-1;-1;-1
165180;423;No;No;No;No;None;0;0;0;0;0;-1;-1;-1;-1;-1;-1;-1;-1;-1;-1;0;0;0;0;-1;-1;-1;-1;-1;-1;-1;-1;-1;-1
165197;431;No;No;No;No;None;0;0;0;0;0;-1;-1;-1;-1;-1;-1;-1;-1;-1;-1;0;0;0;0;-1;-1;-1;-1;-1;-1;-1;-1;-1;-1
165275;425;No;No;No;No;None;0;0;0;0;0;-1;-1;-1;-1;-1;-1;-1;-1;-1;-1;0;0;0;0;-1;-1;-1;-1;-1;-1;-1;-1;-1;-1
199716;187;No;No;No;No;None;0;0;0;0;0;-1;-1;-1;-1;-1;-1;-1;-1;-1;-1;0;0;0;0;-1;-1;-1;-1;-1;-1;-1;-1;-1;-1
199789;193;No;No;No;No;None;0;0;0;0;0;-1;-1;-1;-1;-1;-1;-1;-1;-1;-1;0;0;0;0;-1;-1;-1;-1;-1;-1;-1;-1;-1;-1
168107;444;No;No;No;No;None;0;0;0;0;0;-1;-1;-1;-1;-1;-1;-1;-1;-1;-1;0;0;0;0;-1;-1;-1;-1;-1;-1;-1;-1;-1;-1
168110;432;No;No;No;No;None;0;0;0;0;0;-1;-1;-1;-1;-1;-1;-1;-1;-1;-1;0;0;0;0;-1;-1;-1;-1;-1;-1;-1;-1;-1;-1
168121;433;No;No;No;No;None;0;0;0;0;0;-1;-1;-1;-1;-1;-1;-1;-1;-1;-1;0;0;0;0;-1;-1;-1;-1;-1;-1;-1;-1;-1;-1
183620;414;No;No;No;No;Full;0;0;0;0;0;-1;-1;-1;-1;-1;-1;-1;-1;-1;-1;0;0;0;0;-1;-1;-1;-1;-1;-1;-1;-1;-1;-1
168152;34;No;No;No;No;-;1700000;1700000;1700000;1700000;-1;-1;-1;-1;-1;-1;-1;-1;-1;-1;-1;-1;-1;-1;-1;-1;-1;-1;-1;-1;-1;-1;-1;-1;-1
199840;192;No;No;No;No;None;0;0;0;0;0;-1;-1;-1;-1;-1;-1;-1;-1;-1;-1;0;0;0;0;-1;-1;-1;-1;-1;-1;-1;-1;-1;-1
199876;191;No;No;No;No;None;0;0;0;0;0;-1;-1;-1;-1;-1;-1;-1;-1;-1;-1;0;0;0;0;-1;-1;-1;-1;-1;-1;-1;-1;-1;-1
173135;412;No;No;No;No;Partial;0;0;0;0;0;-1;-1;-1;-1;-1;-1;-1;-1;-1;-1;0;0;0;0;-1;-1;-1;-1;-1;-1;-1;-1;-1;-1
199911;1505;No;No;No;No;None;0;0;0;0;0;-1;-1;-1;-1;-1;-1;-1;-1;-1;-1;0;0;0;0;-1;-1;-1;-1;-1;-1;-1;-1;-1;-1
165676;439;No;No;No;No;None;0;0;0;0;0;-1;-1;-1;-1;-1;-1;-1;-1;-1;-1;0;0;0;0;-1;-1;-1;-1;-1;-1;-1;-1;-1;-1
194160;201;No;No;No;No;Full;0;0;0;0;0;-1;-1;-1;-1;-1;-1;-1;-1;-1;-1;0;0;0;0;-1;-1;-1;-1;-1;-1;-1;-1;-1;-1
165708;410;No;No;No;No;None;0;0;0;0;0;-1;-1;-1;-1;-1;-1;-1;-1;-1;-1;0;0;0;0;-1;-1;-1;-1;-1;-1;-1;-1;-1;-1
183660;417;No;No;No;No;None;0;0;0;0;0;-1;-1;-1;-1;-1;-1;-1;-1;-1;-1;0;0;0;0;-1;-1;-1;-1;-1;-1;-1;-1;-1;-1
188848;4849;No;No;No;No;Partial;0;0;0;0;0;-1;-1;-1;-1;-1;-1;-1;-1;-1;-1;0;0;0;0;-1;-1;-1;-1;-1;-1;-1;-1;-1;-1
188851;411;No;No;No;No;Full;0;0;0;0;0;-1;-1;-1;-1;-1;-1;-1;-1;-1;-1;0;0;0;0;-1;-1;-1;-1;-1;-1;-1;-1;-1;-1
188879;413;No;No;No;No;Partial;0;0;0;0;0;-1;-1;-1;-1;-1;-1;-1;-1;-1;-1;0;0;0;0;-1;-1;-1;-1;-1;-1;-1;-1;-1;-1
183677;414;No;No;No;No;None;0;0;0;0;0;-1;-1;-1;-1;-1;-1;-1;-1;-1;-1;0;0;0;0;-1;-1;-1;-1;-1;-1;-1;-1;-1;-1
188894;412;No;No;No;No;Full;0;0;0;0;0;-1;-1;-1;-1;-1;-1;-1;-1;-1;-1;0;0;0;0;-1;-1;-1;-1;-1;-1;-1;-1;-1;-1
188895;435;No;No;No;No;Full;0;0;0;0;0;-1;-1;-1;-1;-1;-1;-1;-1;-1;-1;0;0;0;0;-1;-1;-1;-1;-1;-1;-1;-1;-1;-1
183690;436;No;No;No;No;Partial;0;0;0;0;0;-1;-1;-1;-1;-1;-1;-1;-1;-1;-1;0;0;0;0;-1;-1;-1;-1;-1;-1;-1;-1;-1;-1
168250;440;No;No;No;No;None;0;0;0;0;0;-1;-1;-1;-1;-1;-1;-1;-1;-1;-1;0;0;0;0;-1;-1;-1;-1;-1;-1;-1;-1;-1;-1
194260;177;No;No;No;No;Partial;0;0;0;0;0;-1;-1;-1;-1;-1;-1;-1;-1;-1;-1;0;0;0;0;-1;-1;-1;-1;-1;-1;-1;-1;-1;-1
183710;421;No;No;No;No;None;0;0;0;0;0;-1;-1;-1;-1;-1;-1;-1;-1;-1;-1;0;0;0;0;-1;-1;-1;-1;-1;-1;-1;-1;-1;-1
188922;421;No;No;No;No;Partial;0;0;0;0;0;-1;-1;-1;-1;-1;-1;-1;-1;-1;-1;0;0;0;0;-1;-1;-1;-1;-1;-1;-1;-1;-1;-1
183728;422;No;No;No;No;Partial;0;0;0;0;0;-1;-1;-1;-1;-1;-1;-1;-1;-1;-1;0;0;0;0;-1;-1;-1;-1;-1;-1;-1;-1;-1;-1
183731;419;No;No;No;No;None;0;0;0;0;0;-1;-1;-1;-1;-1;-1;-1;-1;-1;-1;0;0;0;0;-1;-1;-1;-1;-1;-1;-1;-1;-1;-1
188931;413;No;No;No;No;Full;0;0;0;0;0;-1;-1;-1;-1;-1;-1;-1;-1;-1;-1;0;0;0;0;-1;-1;-1;-1;-1;-1;-1;-1;-1;-1
194293;1505;No;No;No;No;None;0;0;0;0;0;-1;-1;-1;-1;-1;-1;-1;-1;-1;-1;0;0;0;0;-1;-1;-1;-1;-1;-1;-1;-1;-1;-1
200022;195;No;No;No;No;Partial;0;0;0;0;0;-1;-1;-1;-1;-1;-1;-1;-1;-1;-1;0;0;0;0;-1;-1;-1;-1;-1;-1;-1;-1;-1;-1
183744;410;No;No;No;No;Partial;0;0;0;0;0;-1;-1;-1;-1;-1;-1;-1;-1;-1;-1;0;0;0;0;-1;-1;-1;-1;-1;-1;-1;-1;-1;-1
188965;420;No;No;No;No;Partial;0;0;0;0;0;-1;-1;-1;-1;-1;-1;-1;-1;-1;-1;0;0;0;0;-1;-1;-1;-1;-1;-1;-1;-1;-1;-1
188986;419;No;No;No;No;Partial;0;0;0;0;0;-1;-1;-1;-1;-1;-1;-1;-1;-1;-1;0;0;0;0;-1;-1;-1;-1;-1;-1;-1;-1;-1;-1
200069;1505;No;No;No;No;None;0;0;0;0;0;-1;-1;-1;-1;-1;-1;-1;-1;-1;-1;0;0;0;0;-1;-1;-1;-1;-1;-1;-1;-1;-1;-1
168406;437;No;No;No;No;Partial;0;0;0;0;0;-1;-1;-1;-1;-1;-1;-1;-1;-1;-1;0;0;0;0;-1;-1;-1;-1;-1;-1;-1;-1;-1;-1
168411;429;No;No;No;No;None;0;0;0;0;0;-1;-1;-1;-1;-1;-1;-1;-1;-1;-1;0;0;0;0;-1;-1;-1;-1;-1;-1;-1;-1;-1;-1
200076;1505;No;No;No;No;None;0;0;0;0;0;-1;-1;-1;-1;-1;-1;-1;-1;-1;-1;0;0;0;0;-1;-1;-1;-1;-1;-1;-1;-1;-1;-1
183794;419;No;No;No;No;Partial;0;0;0;0;0;-1;-1;-1;-1;-1;-1;-1;-1;-1;-1;0;0;0;0;-1;-1;-1;-1;-1;-1;-1;-1;-1;-1
200081;198;No;No;No;No;None;0;0;0;0;0;-1;-1;-1;-1;-1;-1;-1;-1;-1;-1;0;0;0;0;-1;-1;-1;-1;-1;-1;-1;-1;-1;-1
200082;4960;No;No;No;No;Partial;0;0;0;0;0;-1;-1;-1;-1;-1;-1;-1;-1;-1;-1;0;0;0;0;-1;-1;-1;-1;-1;-1;-1;-1;-1;-1
183806;429;No;No;No;No;Partial;0;0;0;0;0;-1;-1;-1;-1;-1;-1;-1;-1;-1;-1;0;0;0;0;-1;-1;-1;-1;-1;-1;-1;-1;-1;-1
183814;414;No;No;No;No;Partial;0;0;0;0;0;-1;-1;-1;-1;-1;-1;-1;-1;-1;-1;0;0;0;0;-1;-1;-1;-1;-1;-1;-1;-1;-1;-1
173253;34;No;No;No;No;-;1170000;1170000;1170000;1170000;-1;-1;-1;-1;-1;-1;-1;-1;-1;-1;-1;-1;-1;-1;-1;-1;-1;-1;-1;-1;-1;-1;-1;-1;-1
200136;1505;No;No;No;No;None;0;0;0;0;0;-1;-1;-1;-1;-1;-1;-1;-1;-1;-1;0;0;0;0;-1;-1;-1;-1;-1;-1;-1;-1;-1;-1
183832;436;No;No;No;No;Full;0;0;0;0;0;-1;-1;-1;-1;-1;-1;-1;-1;-1;-1;0;0;0;0;-1;-1;-1;-1;-1;-1;-1;-1;-1;-1
183833;420;No;No;No;No;Full;0;0;0;0;0;-1;-1;-1;-1;-1;-1;-1;-1;-1;-1;0;0;0;0;-1;-1;-1;-1;-1;-1;-1;-1;-1;-1
16546;846;No;No;No;No;-;190000;190000;-1;-1;-1;-1;-1;-1;-1;-1;-1;-1;-1;-1;-1;190000;-1;-1;-1;-1;-1;-1;-1;-1;-1;-1;-1;-1;-1
183839;426;No;No;No;No;Partial;0;0;0;0;0;-1;-1;-1;-1;-1;-1;-1;-1;-1;-1;0;0;0;0;-1;-1;-1;-1;-1;-1;-1;-1;-1;-1
189105;431;No;No;No;No;Partial;0;0;0;0;0;-1;-1;-1;-1;-1;-1;-1;-1;-1;-1;0;0;0;0;-1;-1;-1;-1;-1;-1;-1;-1;-1;-1
183842;421;No;No;No;No;None;0;0;0;0;0;-1;-1;-1;-1;-1;-1;-1;-1;-1;-1;0;0;0;0;-1;-1;-1;-1;-1;-1;-1;-1;-1;-1
183843;430;No;No;No;No;Partial;0;0;0;0;0;-1;-1;-1;-1;-1;-1;-1;-1;-1;-1;0;0;0;0;-1;-1;-1;-1;-1;-1;-1;-1;-1;-1
194426;230;No;No;No;No;None;0;0;0;0;0;-1;-1;-1;-1;-1;-1;-1;-1;-1;-1;0;0;0;0;-1;-1;-1;-1;-1;-1;-1;-1;-1;-1
166463;39;No;No;No;No;-;62000;62000;-1;-1;-1;-1;-1;-1;-1;-1;-1;-1;-1;-1;-1;62000;-1;-1;-1;-1;-1;-1;-1;-1;-1;-1;-1;-1;-1
168500;449;No;No;No;No;Partial;0;0;0;0;0;-1;-1;-1;-1;-1;-1;-1;-1;-1;-1;0;0;0;0;-1;-1;-1;-1;-1;-1;-1;-1;-1;-1
200191;230;No;No;No;No;None;0;0;0;0;0;-1;-1;-1;-1;-1;-1;-1;-1;-1;-1;0;0;0;0;-1;-1;-1;-1;-1;-1;-1;-1;-1;-1
168506;10;No;No;No;No;-;984166;984166;984166;984166;-1;-1;-1;-1;-1;-1;-1;-1;-1;-1;-1;-1;-1;-1;-1;-1;-1;-1;-1;-1;-1;-1;-1;-1;-1
178423;435;No;No;No;No;Partial;0;0;0;0;0;-1;-1;-1;-1;-1;-1;-1;-1;-1;-1;0;0;0;0;-1;-1;-1;-1;-1;-1;-1;-1;-1;-1
183867;443;No;No;No;No;Partial;0;0;0;0;0;-1;-1;-1;-1;-1;-1;-1;-1;-1;-1;0;0;0;0;-1;-1;-1;-1;-1;-1;-1;-1;-1;-1
200204;192;No;No;No;No;None;0;0;0;0;0;-1;-1;-1;-1;-1;-1;-1;-1;-1;-1;0;0;0;0;-1;-1;-1;-1;-1;-1;-1;-1;-1;-1
173318;438;No;No;No;No;None;0;0;0;0;0;-1;-1;-1;-1;-1;-1;-1;-1;-1;-1;0;0;0;0;-1;-1;-1;-1;-1;-1;-1;-1;-1;-1
194455;191;No;No;No;No;None;0;0;0;0;0;-1;-1;-1;-1;-1;-1;-1;-1;-1;-1;0;0;0;0;-1;-1;-1;-1;-1;-1;-1;-1;-1;-1
200216;213;No;No;No;No;Partial;0;0;0;0;0;-1;-1;-1;-1;-1;-1;-1;-1;-1;-1;0;0;0;0;-1;-1;-1;-1;-1;-1;-1;-1;-1;-1
183878;142;No;No;No;No;-;3000;3000;-1;-1;-1;-1;-1;-1;-1;-1;-1;-1;-1;-1;-1;3000;-1;-1;-1;-1;-1;-1;-1;-1;-1;-1;-1;-1;-1
200218;213;No;No;No;No;Partial;0;0;0;0;0;-1;-1;-1;-1;-1;-1;-1;-1;-1;-1;0;0;0;0;-1;-1;-1;-1;-1;-1;-1;-1;-1;-1
183885;449;No;No;No;No;Partial;0;0;0;0;0;-1;-1;-1;-1;-1;-1;-1;-1;-1;-1;0;0;0;0;-1;-1;-1;-1;-1;-1;-1;-1;-1;-1
189166;422;No;No;No;No;Partial;0;0;0;0;0;-1;-1;-1;-1;-1;-1;-1;-1;-1;-1;0;0;0;0;-1;-1;-1;-1;-1;-1;-1;-1;-1;-1
178446;434;No;No;No;No;None;0;0;0;0;0;-1;-1;-1;-1;-1;-1;-1;-1;-1;-1;0;0;0;0;-1;-1;-1;-1;-1;-1;-1;-1;-1;-1
168555;426;No;No;No;No;None;0;0;0;0;0;-1;-1;-1;-1;-1;-1;-1;-1;-1;-1;0;0;0;0;-1;-1;-1;-1;-1;-1;-1;-1;-1;-1
200236;230;No;No;No;No;None;0;0;0;0;0;-1;-1;-1;-1;-1;-1;-1;-1;-1;-1;0;0;0;0;-1;-1;-1;-1;-1;-1;-1;-1;-1;-1
189175;435;No;No;No;No;Partial;0;0;0;0;0;-1;-1;-1;-1;-1;-1;-1;-1;-1;-1;0;0;0;0;-1;-1;-1;-1;-1;-1;-1;-1;-1;-1
183909;187;No;No;No;No;None;0;0;0;0;0;-1;-1;-1;-1;-1;-1;-1;-1;-1;-1;0;0;0;0;-1;-1;-1;-1;-1;-1;-1;-1;-1;-1
183921;1505;No;No;No;No;None;0;0;0;0;0;-1;-1;-1;-1;-1;-1;-1;-1;-1;-1;0;0;0;0;-1;-1;-1;-1;-1;-1;-1;-1;-1;-1
183928;229;No;No;No;No;None;0;0;0;0;0;-1;-1;-1;-1;-1;-1;-1;-1;-1;-1;0;0;0;0;-1;-1;-1;-1;-1;-1;-1;-1;-1;-1
168600;429;No;No;No;No;None;0;0;0;0;0;-1;-1;-1;-1;-1;-1;-1;-1;-1;-1;0;0;0;0;-1;-1;-1;-1;-1;-1;-1;-1;-1;-1
200296;211;No;No;No;No;Partial;0;0;0;0;0;-1;-1;-1;-1;-1;-1;-1;-1;-1;-1;0;0;0;0;-1;-1;-1;-1;-1;-1;-1;-1;-1;-1
189201;437;No;No;No;No;Full;0;0;0;0;0;-1;-1;-1;-1;-1;-1;-1;-1;-1;-1;0;0;0;0;-1;-1;-1;-1;-1;-1;-1;-1;-1;-1
200298;4960;No;No;No;No;Partial;0;0;0;0;0;-1;-1;-1;-1;-1;-1;-1;-1;-1;-1;0;0;0;0;-1;-1;-1;-1;-1;-1;-1;-1;-1;-1
200299;181;No;No;No;No;Partial;0;0;0;0;0;-1;-1;-1;-1;-1;-1;-1;-1;-1;-1;0;0;0;0;-1;-1;-1;-1;-1;-1;-1;-1;-1;-1
200301;179;No;No;No;No;Partial;0;0;0;0;0;-1;-1;-1;-1;-1;-1;-1;-1;-1;-1;0;0;0;0;-1;-1;-1;-1;-1;-1;-1;-1;-1;-1
200303;217;No;No;No;No;Full;0;0;0;0;0;-1;-1;-1;-1;-1;-1;-1;-1;-1;-1;0;0;0;0;-1;-1;-1;-1;-1;-1;-1;-1;-1;-1
200306;182;No;No;No;No;Full;0;0;0;0;0;-1;-1;-1;-1;-1;-1;-1;-1;-1;-1;0;0;0;0;-1;-1;-1;-1;-1;-1;-1;-1;-1;-1
200308;226;No;No;No;No;None;0;0;0;0;0;-1;-1;-1;-1;-1;-1;-1;-1;-1;-1;0;0;0;0;-1;-1;-1;-1;-1;-1;-1;-1;-1;-1
189209;434;No;No;No;No;Partial;0;0;0;0;0;-1;-1;-1;-1;-1;-1;-1;-1;-1;-1;0;0;0;0;-1;-1;-1;-1;-1;-1;-1;-1;-1;-1
189212;422;No;No;No;No;Partial;0;0;0;0;0;-1;-1;-1;-1;-1;-1;-1;-1;-1;-1;0;0;0;0;-1;-1;-1;-1;-1;-1;-1;-1;-1;-1
189223;411;No;No;No;No;Partial;0;0;0;0;0;-1;-1;-1;-1;-1;-1;-1;-1;-1;-1;0;0;0;0;-1;-1;-1;-1;-1;-1;-1;-1;-1;-1
200327;213;No;No;No;No;None;0;0;0;0;0;-1;-1;-1;-1;-1;-1;-1;-1;-1;-1;0;0;0;0;-1;-1;-1;-1;-1;-1;-1;-1;-1;-1
200328;183;No;No;No;No;Partial;0;0;0;0;0;-1;-1;-1;-1;-1;-1;-1;-1;-1;-1;0;0;0;0;-1;-1;-1;-1;-1;-1;-1;-1;-1;-1
200329;1371;No;No;No;No;Partial;0;0;0;0;0;-1;-1;-1;-1;-1;-1;-1;-1;-1;-1;0;0;0;0;-1;-1;-1;-1;-1;-1;-1;-1;-1;-1
189228;198;No;No;No;No;None;0;0;0;0;0;-1;-1;-1;-1;-1;-1;-1;-1;-1;-1;0;0;0;0;-1;-1;-1;-1;-1;-1;-1;-1;-1;-1
200336;177;No;No;No;No;None;0;0;0;0;0;-1;-1;-1;-1;-1;-1;-1;-1;-1;-1;0;0;0;0;-1;-1;-1;-1;-1;-1;-1;-1;-1;-1
200337;206;No;No;No;No;Partial;0;0;0;0;0;-1;-1;-1;-1;-1;-1;-1;-1;-1;-1;0;0;0;0;-1;-1;-1;-1;-1;-1;-1;-1;-1;-1
200340;191;No;No;No;No;None;0;0;0;0;0;-1;-1;-1;-1;-1;-1;-1;-1;-1;-1;0;0;0;0;-1;-1;-1;-1;-1;-1;-1;-1;-1;-1
200342;182;No;No;No;No;Partial;0;0;0;0;0;-1;-1;-1;-1;-1;-1;-1;-1;-1;-1;0;0;0;0;-1;-1;-1;-1;-1;-1;-1;-1;-1;-1
200346;181;No;No;No;No;Partial;0;0;0;0;0;-1;-1;-1;-1;-1;-1;-1;-1;-1;-1;0;0;0;0;-1;-1;-1;-1;-1;-1;-1;-1;-1;-1
200347;182;No;No;No;No;Partial;0;0;0;0;0;-1;-1;-1;-1;-1;-1;-1;-1;-1;-1;0;0;0;0;-1;-1;-1;-1;-1;-1;-1;-1;-1;-1
200351;207;No;No;No;No;Partial;0;0;0;0;0;-1;-1;-1;-1;-1;-1;-1;-1;-1;-1;0;0;0;0;-1;-1;-1;-1;-1;-1;-1;-1;-1;-1
189244;449;No;No;No;No;Partial;0;0;0;0;0;-1;-1;-1;-1;-1;-1;-1;-1;-1;-1;0;0;0;0;-1;-1;-1;-1;-1;-1;-1;-1;-1;-1
200357;4864;No;No;No;No;Full;0;0;0;0;0;-1;-1;-1;-1;-1;-1;-1;-1;-1;-1;0;0;0;0;-1;-1;-1;-1;-1;-1;-1;-1;-1;-1
183964;438;No;No;No;No;Partial;0;0;0;0;0;-1;-1;-1;-1;-1;-1;-1;-1;-1;-1;0;0;0;0;-1;-1;-1;-1;-1;-1;-1;-1;-1;-1
200363;188;No;No;No;No;None;0;0;0;0;0;-1;-1;-1;-1;-1;-1;-1;-1;-1;-1;0;0;0;0;-1;-1;-1;-1;-1;-1;-1;-1;-1;-1
200364;223;No;No;No;No;None;0;0;0;0;0;-1;-1;-1;-1;-1;-1;-1;-1;-1;-1;0;0;0;0;-1;-1;-1;-1;-1;-1;-1;-1;-1;-1
183975;410;No;No;No;No;None;0;0;0;0;0;-1;-1;-1;-1;-1;-1;-1;-1;-1;-1;0;0;0;0;-1;-1;-1;-1;-1;-1;-1;-1;-1;-1
200372;189;No;No;No;No;Partial;0;0;0;0;0;-1;-1;-1;-1;-1;-1;-1;-1;-1;-1;0;0;0;0;-1;-1;-1;-1;-1;-1;-1;-1;-1;-1
200376;228;No;No;No;No;Partial;0;0;0;0;0;-1;-1;-1;-1;-1;-1;-1;-1;-1;-1;0;0;0;0;-1;-1;-1;-1;-1;-1;-1;-1;-1;-1
200379;225;No;No;No;No;None;0;0;0;0;0;-1;-1;-1;-1;-1;-1;-1;-1;-1;-1;0;0;0;0;-1;-1;-1;-1;-1;-1;-1;-1;-1;-1
200382;180;No;No;No;No;Partial;0;0;0;0;0;-1;-1;-1;-1;-1;-1;-1;-1;-1;-1;0;0;0;0;-1;-1;-1;-1;-1;-1;-1;-1;-1;-1
178553;431;No;No;No;No;Partial;0;0;0;0;0;-1;-1;-1;-1;-1;-1;-1;-1;-1;-1;0;0;0;0;-1;-1;-1;-1;-1;-1;-1;-1;-1;-1
200387;4864;No;No;No;No;Partial;0;0;0;0;0;-1;-1;-1;-1;-1;-1;-1;-1;-1;-1;0;0;0;0;-1;-1;-1;-1;-1;-1;-1;-1;-1;-1
200388;215;No;No;No;No;Partial;0;0;0;0;0;-1;-1;-1;-1;-1;-1;-1;-1;-1;-1;0;0;0;0;-1;-1;-1;-1;-1;-1;-1;-1;-1;-1
200389;203;No;No;No;No;Partial;0;0;0;0;0;-1;-1;-1;-1;-1;-1;-1;-1;-1;-1;0;0;0;0;-1;-1;-1;-1;-1;-1;-1;-1;-1;-1
173539;16;No;No;No;No;-;1280000;1280000;1280000;1280000;-1;-1;-1;-1;-1;-1;-1;-1;-1;-1;-1;-1;-1;-1;-1;-1;-1;-1;-1;-1;-1;-1;-1;-1;-1
173541;425;No;No;No;No;None;0;0;0;0;0;-1;-1;-1;-1;-1;-1;-1;-1;-1;-1;0;0;0;0;-1;-1;-1;-1;-1;-1;-1;-1;-1;-1
189292;412;No;No;No;No;Full;0;0;0;0;0;-1;-1;-1;-1;-1;-1;-1;-1;-1;-1;0;0;0;0;-1;-1;-1;-1;-1;-1;-1;-1;-1;-1
189293;444;No;No;No;No;Partial;0;0;0;0;0;-1;-1;-1;-1;-1;-1;-1;-1;-1;-1;0;0;0;0;-1;-1;-1;-1;-1;-1;-1;-1;-1;-1
200413;206;No;No;No;No;Partial;0;0;0;0;0;-1;-1;-1;-1;-1;-1;-1;-1;-1;-1;0;0;0;0;-1;-1;-1;-1;-1;-1;-1;-1;-1;-1
184021;429;No;No;No;No;Partial;0;0;0;0;0;-1;-1;-1;-1;-1;-1;-1;-1;-1;-1;0;0;0;0;-1;-1;-1;-1;-1;-1;-1;-1;-1;-1
184023;228;No;No;No;No;None;0;0;0;0;0;-1;-1;-1;-1;-1;-1;-1;-1;-1;-1;0;0;0;0;-1;-1;-1;-1;-1;-1;-1;-1;-1;-1
189305;429;No;No;No;No;Partial;0;0;0;0;0;-1;-1;-1;-1;-1;-1;-1;-1;-1;-1;0;0;0;0;-1;-1;-1;-1;-1;-1;-1;-1;-1;-1
200421;205;No;No;No;No;Partial;0;0;0;0;0;-1;-1;-1;-1;-1;-1;-1;-1;-1;-1;0;0;0;0;-1;-1;-1;-1;-1;-1;-1;-1;-1;-1
200422;201;No;No;No;No;Partial;0;0;0;0;0;-1;-1;-1;-1;-1;-1;-1;-1;-1;-1;0;0;0;0;-1;-1;-1;-1;-1;-1;-1;-1;-1;-1
189313;440;No;No;No;No;Partial;0;0;0;0;0;-1;-1;-1;-1;-1;-1;-1;-1;-1;-1;0;0;0;0;-1;-1;-1;-1;-1;-1;-1;-1;-1;-1
184032;414;No;No;No;No;Partial;0;0;0;0;0;-1;-1;-1;-1;-1;-1;-1;-1;-1;-1;0;0;0;0;-1;-1;-1;-1;-1;-1;-1;-1;-1;-1
184033;411;No;No;No;No;Partial;0;0;0;0;0;-1;-1;-1;-1;-1;-1;-1;-1;-1;-1;0;0;0;0;-1;-1;-1;-1;-1;-1;-1;-1;-1;-1
189318;431;No;No;No;No;Partial;0;0;0;0;0;-1;-1;-1;-1;-1;-1;-1;-1;-1;-1;0;0;0;0;-1;-1;-1;-1;-1;-1;-1;-1;-1;-1
200437;201;No;No;No;No;Partial;0;0;0;0;0;-1;-1;-1;-1;-1;-1;-1;-1;-1;-1;0;0;0;0;-1;-1;-1;-1;-1;-1;-1;-1;-1;-1
200440;204;No;No;No;No;Partial;0;0;0;0;0;-1;-1;-1;-1;-1;-1;-1;-1;-1;-1;0;0;0;0;-1;-1;-1;-1;-1;-1;-1;-1;-1;-1
200441;194;No;No;No;No;Partial;0;0;0;0;0;-1;-1;-1;-1;-1;-1;-1;-1;-1;-1;0;0;0;0;-1;-1;-1;-1;-1;-1;-1;-1;-1;-1
200442;194;No;No;No;No;Full;0;0;0;0;0;-1;-1;-1;-1;-1;-1;-1;-1;-1;-1;0;0;0;0;-1;-1;-1;-1;-1;-1;-1;-1;-1;-1
184060;419;No;No;No;No;None;0;0;0;0;0;-1;-1;-1;-1;-1;-1;-1;-1;-1;-1;0;0;0;0;-1;-1;-1;-1;-1;-1;-1;-1;-1;-1
200452;221;No;No;No;No;None;0;0;0;0;0;-1;-1;-1;-1;-1;-1;-1;-1;-1;-1;0;0;0;0;-1;-1;-1;-1;-1;-1;-1;-1;-1;-1
178636;413;No;No;No;No;Partial;0;0;0;0;0;-1;-1;-1;-1;-1;-1;-1;-1;-1;-1;0;0;0;0;-1;-1;-1;-1;-1;-1;-1;-1;-1;-1
200454;211;No;No;No;No;Full;0;0;0;0;0;-1;-1;-1;-1;-1;-1;-1;-1;-1;-1;0;0;0;0;-1;-1;-1;-1;-1;-1;-1;-1;-1;-1
200457;184;No;No;No;No;Partial;0;0;0;0;0;-1;-1;-1;-1;-1;-1;-1;-1;-1;-1;0;0;0;0;-1;-1;-1;-1;-1;-1;-1;-1;-1;-1
200459;226;No;No;No;No;Partial;0;0;0;0;0;-1;-1;-1;-1;-1;-1;-1;-1;-1;-1;0;0;0;0;-1;-1;-1;-1;-1;-1;-1;-1;-1;-1
189347;439;No;No;No;No;Full;0;0;0;0;0;-1;-1;-1;-1;-1;-1;-1;-1;-1;-1;0;0;0;0;-1;-1;-1;-1;-1;-1;-1;-1;-1;-1
200462;221;No;No;No;No;None;0;0;0;0;0;-1;-1;-1;-1;-1;-1;-1;-1;-1;-1;0;0;0;0;-1;-1;-1;-1;-1;-1;-1;-1;-1;-1
184077;437;No;No;No;No;Full;0;0;0;0;0;-1;-1;-1;-1;-1;-1;-1;-1;-1;-1;0;0;0;0;-1;-1;-1;-1;-1;-1;-1;-1;-1;-1
200465;4864;No;No;No;No;Partial;0;0;0;0;0;-1;-1;-1;-1;-1;-1;-1;-1;-1;-1;0;0;0;0;-1;-1;-1;-1;-1;-1;-1;-1;-1;-1
200470;212;No;No;No;No;None;0;0;0;0;0;-1;-1;-1;-1;-1;-1;-1;-1;-1;-1;0;0;0;0;-1;-1;-1;-1;-1;-1;-1;-1;-1;-1
189361;421;No;No;No;No;Partial;0;0;0;0;0;-1;-1;-1;-1;-1;-1;-1;-1;-1;-1;0;0;0;0;-1;-1;-1;-1;-1;-1;-1;-1;-1;-1
184083;410;No;No;No;No;Partial;0;0;0;0;0;-1;-1;-1;-1;-1;-1;-1;-1;-1;-1;0;0;0;0;-1;-1;-1;-1;-1;-1;-1;-1;-1;-1
200474;207;No;No;No;No;Partial;0;0;0;0;0;-1;-1;-1;-1;-1;-1;-1;-1;-1;-1;0;0;0;0;-1;-1;-1;-1;-1;-1;-1;-1;-1;-1
200475;221;No;No;No;No;None;0;0;0;0;0;-1;-1;-1;-1;-1;-1;-1;-1;-1;-1;0;0;0;0;-1;-1;-1;-1;-1;-1;-1;-1;-1;-1
200482;2620;No;No;No;No;Partial;0;0;0;0;0;-1;-1;-1;-1;-1;-1;-1;-1;-1;-1;0;0;0;0;-1;-1;-1;-1;-1;-1;-1;-1;-1;-1
200486;205;No;No;No;No;Partial;0;0;0;0;0;-1;-1;-1;-1;-1;-1;-1;-1;-1;-1;0;0;0;0;-1;-1;-1;-1;-1;-1;-1;-1;-1;-1
178668;427;No;No;No;No;Partial;0;0;0;0;0;-1;-1;-1;-1;-1;-1;-1;-1;-1;-1;0;0;0;0;-1;-1;-1;-1;-1;-1;-1;-1;-1;-1
189384;419;No;No;No;No;Partial;0;0;0;0;0;-1;-1;-1;-1;-1;-1;-1;-1;-1;-1;0;0;0;0;-1;-1;-1;-1;-1;-1;-1;-1;-1;-1
200492;217;No;No;No;No;Full;0;0;0;0;0;-1;-1;-1;-1;-1;-1;-1;-1;-1;-1;0;0;0;0;-1;-1;-1;-1;-1;-1;-1;-1;-1;-1
200493;2620;No;No;No;No;Partial;0;0;0;0;0;-1;-1;-1;-1;-1;-1;-1;-1;-1;-1;0;0;0;0;-1;-1;-1;-1;-1;-1;-1;-1;-1;-1
184097;418;No;No;No;No;Partial;0;0;0;0;0;-1;-1;-1;-1;-1;-1;-1;-1;-1;-1;0;0;0;0;-1;-1;-1;-1;-1;-1;-1;-1;-1;-1
173642;413;No;No;No;No;None;0;0;0;0;0;-1;-1;-1;-1;-1;-1;-1;-1;-1;-1;0;0;0;0;-1;-1;-1;-1;-1;-1;-1;-1;-1;-1
178672;425;No;No;No;No;Partial;0;0;0;0;0;-1;-1;-1;-1;-1;-1;-1;-1;-1;-1;0;0;0;0;-1;-1;-1;-1;-1;-1;-1;-1;-1;-1
200502;232;No;No;No;No;None;0;0;0;0;0;-1;-1;-1;-1;-1;-1;-1;-1;-1;-1;0;0;0;0;-1;-1;-1;-1;-1;-1;-1;-1;-1;-1
200513;4959;No;No;No;No;None;0;0;0;0;0;-1;-1;-1;-1;-1;-1;-1;-1;-1;-1;0;0;0;0;-1;-1;-1;-1;-1;-1;-1;-1;-1;-1
200515;180;No;No;No;No;Full;0;0;0;0;0;-1;-1;-1;-1;-1;-1;-1;-1;-1;-1;0;0;0;0;-1;-1;-1;-1;-1;-1;-1;-1;-1;-1
200516;217;No;No;No;No;None;0;0;0;0;0;-1;-1;-1;-1;-1;-1;-1;-1;-1;-1;0;0;0;0;-1;-1;-1;-1;-1;-1;-1;-1;-1;-1
200517;217;No;No;No;No;Partial;0;0;0;0;0;-1;-1;-1;-1;-1;-1;-1;-1;-1;-1;0;0;0;0;-1;-1;-1;-1;-1;-1;-1;-1;-1;-1
173657;413;No;No;No;No;Partial;0;0;0;0;0;-1;-1;-1;-1;-1;-1;-1;-1;-1;-1;0;0;0;0;-1;-1;-1;-1;-1;-1;-1;-1;-1;-1
200520;228;No;No;No;No;None;0;0;0;0;0;-1;-1;-1;-1;-1;-1;-1;-1;-1;-1;0;0;0;0;-1;-1;-1;-1;-1;-1;-1;-1;-1;-1
184114;442;No;No;No;No;Partial;0;0;0;0;0;-1;-1;-1;-1;-1;-1;-1;-1;-1;-1;0;0;0;0;-1;-1;-1;-1;-1;-1;-1;-1;-1;-1
200523;232;No;No;No;No;Partial;0;0;0;0;0;-1;-1;-1;-1;-1;-1;-1;-1;-1;-1;0;0;0;0;-1;-1;-1;-1;-1;-1;-1;-1;-1;-1
200524;217;No;No;No;No;Partial;0;0;0;0;0;-1;-1;-1;-1;-1;-1;-1;-1;-1;-1;0;0;0;0;-1;-1;-1;-1;-1;-1;-1;-1;-1;-1
189428;4960;No;No;No;No;None;0;0;0;0;0;-1;-1;-1;-1;-1;-1;-1;-1;-1;-1;0;0;0;0;-1;-1;-1;-1;-1;-1;-1;-1;-1;-1
189430;433;No;No;No;No;Partial;0;0;0;0;0;-1;-1;-1;-1;-1;-1;-1;-1;-1;-1;0;0;0;0;-1;-1;-1;-1;-1;-1;-1;-1;-1;-1
189442;415;No;No;No;No;Full;0;0;0;0;0;-1;-1;-1;-1;-1;-1;-1;-1;-1;-1;0;0;0;0;-1;-1;-1;-1;-1;-1;-1;-1;-1;-1
184123;422;No;No;No;No;Full;0;0;0;0;0;-1;-1;-1;-1;-1;-1;-1;-1;-1;-1;0;0;0;0;-1;-1;-1;-1;-1;-1;-1;-1;-1;-1
200532;184;No;No;No;No;Partial;0;0;0;0;0;-1;-1;-1;-1;-1;-1;-1;-1;-1;-1;0;0;0;0;-1;-1;-1;-1;-1;-1;-1;-1;-1;-1
184132;411;No;No;No;No;Full;0;0;0;0;0;-1;-1;-1;-1;-1;-1;-1;-1;-1;-1;0;0;0;0;-1;-1;-1;-1;-1;-1;-1;-1;-1;-1
200535;218;No;No;No;No;Partial;0;0;0;0;0;-1;-1;-1;-1;-1;-1;-1;-1;-1;-1;0;0;0;0;-1;-1;-1;-1;-1;-1;-1;-1;-1;-1
169323;10;No;No;No;No;-;984166;984166;984166;984166;-1;-1;-1;-1;-1;-1;-1;-1;-1;-1;-1;-1;-1;-1;-1;-1;-1;-1;-1;-1;-1;-1;-1;-1;-1
200538;217;No;No;No;No;None;0;0;0;0;0;-1;-1;-1;-1;-1;-1;-1;-1;-1;-1;0;0;0;0;-1;-1;-1;-1;-1;-1;-1;-1;-1;-1
200542;204;No;No;No;No;Partial;0;0;0;0;0;-1;-1;-1;-1;-1;-1;-1;-1;-1;-1;0;0;0;0;-1;-1;-1;-1;-1;-1;-1;-1;-1;-1
200546;202;No;No;No;No;Partial;0;0;0;0;0;-1;-1;-1;-1;-1;-1;-1;-1;-1;-1;0;0;0;0;-1;-1;-1;-1;-1;-1;-1;-1;-1;-1
200552;177;No;No;No;No;None;0;0;0;0;0;-1;-1;-1;-1;-1;-1;-1;-1;-1;-1;0;0;0;0;-1;-1;-1;-1;-1;-1;-1;-1;-1;-1
200555;215;No;No;No;No;Partial;0;0;0;0;0;-1;-1;-1;-1;-1;-1;-1;-1;-1;-1;0;0;0;0;-1;-1;-1;-1;-1;-1;-1;-1;-1;-1
200556;228;No;No;No;No;Partial;0;0;0;0;0;-1;-1;-1;-1;-1;-1;-1;-1;-1;-1;0;0;0;0;-1;-1;-1;-1;-1;-1;-1;-1;-1;-1
200561;1371;No;No;No;No;None;0;0;0;0;0;-1;-1;-1;-1;-1;-1;-1;-1;-1;-1;0;0;0;0;-1;-1;-1;-1;-1;-1;-1;-1;-1;-1
200562;4949;No;No;No;No;Partial;0;0;0;0;0;-1;-1;-1;-1;-1;-1;-1;-1;-1;-1;0;0;0;0;-1;-1;-1;-1;-1;-1;-1;-1;-1;-1
200565;217;No;No;No;No;Full;0;0;0;0;0;-1;-1;-1;-1;-1;-1;-1;-1;-1;-1;0;0;0;0;-1;-1;-1;-1;-1;-1;-1;-1;-1;-1
200566;216;No;No;No;No;None;0;0;0;0;0;-1;-1;-1;-1;-1;-1;-1;-1;-1;-1;0;0;0;0;-1;-1;-1;-1;-1;-1;-1;-1;-1;-1
200567;218;No;No;No;No;Partial;0;0;0;0;0;-1;-1;-1;-1;-1;-1;-1;-1;-1;-1;0;0;0;0;-1;-1;-1;-1;-1;-1;-1;-1;-1;-1
189466;421;No;No;No;No;Partial;0;0;0;0;0;-1;-1;-1;-1;-1;-1;-1;-1;-1;-1;0;0;0;0;-1;-1;-1;-1;-1;-1;-1;-1;-1;-1
173703;417;No;No;No;No;None;0;0;0;0;0;-1;-1;-1;-1;-1;-1;-1;-1;-1;-1;0;0;0;0;-1;-1;-1;-1;-1;-1;-1;-1;-1;-1
200569;208;No;No;No;No;None;0;0;0;0;0;-1;-1;-1;-1;-1;-1;-1;-1;-1;-1;0;0;0;0;-1;-1;-1;-1;-1;-1;-1;-1;-1;-1
200574;180;No;No;No;No;Full;0;0;0;0;0;-1;-1;-1;-1;-1;-1;-1;-1;-1;-1;0;0;0;0;-1;-1;-1;-1;-1;-1;-1;-1;-1;-1
189474;410;No;No;No;No;Partial;0;0;0;0;0;-1;-1;-1;-1;-1;-1;-1;-1;-1;-1;0;0;0;0;-1;-1;-1;-1;-1;-1;-1;-1;-1;-1
178723;411;No;No;No;No;None;0;0;0;0;0;-1;-1;-1;-1;-1;-1;-1;-1;-1;-1;0;0;0;0;-1;-1;-1;-1;-1;-1;-1;-1;-1;-1
178727;434;No;No;No;No;Partial;0;0;0;0;0;-1;-1;-1;-1;-1;-1;-1;-1;-1;-1;0;0;0;0;-1;-1;-1;-1;-1;-1;-1;-1;-1;-1
200582;212;No;No;No;No;Partial;0;0;0;0;0;-1;-1;-1;-1;-1;-1;-1;-1;-1;-1;0;0;0;0;-1;-1;-1;-1;-1;-1;-1;-1;-1;-1
200585;188;No;No;No;No;Partial;0;0;0;0;0;-1;-1;-1;-1;-1;-1;-1;-1;-1;-1;0;0;0;0;-1;-1;-1;-1;-1;-1;-1;-1;-1;-1
200590;188;No;No;No;No;None;0;0;0;0;0;-1;-1;-1;-1;-1;-1;-1;-1;-1;-1;0;0;0;0;-1;-1;-1;-1;-1;-1;-1;-1;-1;-1
200593;184;No;No;No;No;Partial;0;0;0;0;0;-1;-1;-1;-1;-1;-1;-1;-1;-1;-1;0;0;0;0;-1;-1;-1;-1;-1;-1;-1;-1;-1;-1
200596;2620;No;No;No;No;None;0;0;0;0;0;-1;-1;-1;-1;-1;-1;-1;-1;-1;-1;0;0;0;0;-1;-1;-1;-1;-1;-1;-1;-1;-1;-1
189498;423;No;No;No;No;Full;0;0;0;0;0;-1;-1;-1;-1;-1;-1;-1;-1;-1;-1;0;0;0;0;-1;-1;-1;-1;-1;-1;-1;-1;-1;-1
189506;422;No;No;No;No;Full;0;0;0;0;0;-1;-1;-1;-1;-1;-1;-1;-1;-1;-1;0;0;0;0;-1;-1;-1;-1;-1;-1;-1;-1;-1;-1
200614;226;No;No;No;No;None;0;0;0;0;0;-1;-1;-1;-1;-1;-1;-1;-1;-1;-1;0;0;0;0;-1;-1;-1;-1;-1;-1;-1;-1;-1;-1
184183;410;No;No;No;No;None;0;0;0;0;0;-1;-1;-1;-1;-1;-1;-1;-1;-1;-1;0;0;0;0;-1;-1;-1;-1;-1;-1;-1;-1;-1;-1
173779;417;No;No;No;No;None;0;0;0;0;0;-1;-1;-1;-1;-1;-1;-1;-1;-1;-1;0;0;0;0;-1;-1;-1;-1;-1;-1;-1;-1;-1;-1
184184;443;No;No;No;No;Partial;0;0;0;0;0;-1;-1;-1;-1;-1;-1;-1;-1;-1;-1;0;0;0;0;-1;-1;-1;-1;-1;-1;-1;-1;-1;-1
200618;221;No;No;No;No;None;0;0;0;0;0;-1;-1;-1;-1;-1;-1;-1;-1;-1;-1;0;0;0;0;-1;-1;-1;-1;-1;-1;-1;-1;-1;-1
200619;194;No;No;No;No;None;0;0;0;0;0;-1;-1;-1;-1;-1;-1;-1;-1;-1;-1;0;0;0;0;-1;-1;-1;-1;-1;-1;-1;-1;-1;-1
184190;426;No;No;No;No;Partial;0;0;0;0;0;-1;-1;-1;-1;-1;-1;-1;-1;-1;-1;0;0;0;0;-1;-1;-1;-1;-1;-1;-1;-1;-1;-1
200621;180;No;No;No;No;Partial;0;0;0;0;0;-1;-1;-1;-1;-1;-1;-1;-1;-1;-1;0;0;0;0;-1;-1;-1;-1;-1;-1;-1;-1;-1;-1
184194;410;No;No;No;No;Partial;0;0;0;0;0;-1;-1;-1;-1;-1;-1;-1;-1;-1;-1;0;0;0;0;-1;-1;-1;-1;-1;-1;-1;-1;-1;-1
194915;194;No;No;No;No;Partial;0;0;0;0;0;-1;-1;-1;-1;-1;-1;-1;-1;-1;-1;0;0;0;0;-1;-1;-1;-1;-1;-1;-1;-1;-1;-1
200627;4959;No;No;No;No;Partial;0;0;0;0;0;-1;-1;-1;-1;-1;-1;-1;-1;-1;-1;0;0;0;0;-1;-1;-1;-1;-1;-1;-1;-1;-1;-1
200629;190;No;No;No;No;None;0;0;0;0;0;-1;-1;-1;-1;-1;-1;-1;-1;-1;-1;0;0;0;0;-1;-1;-1;-1;-1;-1;-1;-1;-1;-1
184201;449;No;No;No;No;Full;0;0;0;0;0;-1;-1;-1;-1;-1;-1;-1;-1;-1;-1;0;0;0;0;-1;-1;-1;-1;-1;-1;-1;-1;-1;-1
178762;434;No;No;No;No;None;0;0;0;0;0;-1;-1;-1;-1;-1;-1;-1;-1;-1;-1;0;0;0;0;-1;-1;-1;-1;-1;-1;-1;-1;-1;-1
200637;201;No;No;No;No;None;0;0;0;0;0;-1;-1;-1;-1;-1;-1;-1;-1;-1;-1;0;0;0;0;-1;-1;-1;-1;-1;-1;-1;-1;-1;-1
200639;184;No;No;No;No;Partial;0;0;0;0;0;-1;-1;-1;-1;-1;-1;-1;-1;-1;-1;0;0;0;0;-1;-1;-1;-1;-1;-1;-1;-1;-1;-1
189523;444;No;No;No;No;Partial;0;0;0;0;0;-1;-1;-1;-1;-1;-1;-1;-1;-1;-1;0;0;0;0;-1;-1;-1;-1;-1;-1;-1;-1;-1;-1
200641;4959;No;No;No;No;Partial;0;0;0;0;0;-1;-1;-1;-1;-1;-1;-1;-1;-1;-1;0;0;0;0;-1;-1;-1;-1;-1;-1;-1;-1;-1;-1
184210;439;No;No;No;No;Partial;0;0;0;0;0;-1;-1;-1;-1;-1;-1;-1;-1;-1;-1;0;0;0;0;-1;-1;-1;-1;-1;-1;-1;-1;-1;-1
189527;423;No;No;No;No;Partial;0;0;0;0;0;-1;-1;-1;-1;-1;-1;-1;-1;-1;-1;0;0;0;0;-1;-1;-1;-1;-1;-1;-1;-1;-1;-1
184213;444;No;No;No;No;Partial;0;0;0;0;0;-1;-1;-1;-1;-1;-1;-1;-1;-1;-1;0;0;0;0;-1;-1;-1;-1;-1;-1;-1;-1;-1;-1
178786;415;No;No;No;No;Partial;0;0;0;0;0;-1;-1;-1;-1;-1;-1;-1;-1;-1;-1;0;0;0;0;-1;-1;-1;-1;-1;-1;-1;-1;-1;-1
194950;1505;No;No;No;No;None;0;0;0;0;0;-1;-1;-1;-1;-1;-1;-1;-1;-1;-1;0;0;0;0;-1;-1;-1;-1;-1;-1;-1;-1;-1;-1
189547;439;No;No;No;No;Partial;0;0;0;0;0;-1;-1;-1;-1;-1;-1;-1;-1;-1;-1;0;0;0;0;-1;-1;-1;-1;-1;-1;-1;-1;-1;-1
173820;423;No;No;No;No;None;0;0;0;0;0;-1;-1;-1;-1;-1;-1;-1;-1;-1;-1;0;0;0;0;-1;-1;-1;-1;-1;-1;-1;-1;-1;-1
178797;432;No;No;No;No;None;0;0;0;0;0;-1;-1;-1;-1;-1;-1;-1;-1;-1;-1;0;0;0;0;-1;-1;-1;-1;-1;-1;-1;-1;-1;-1
184233;449;No;No;No;No;Partial;0;0;0;0;0;-1;-1;-1;-1;-1;-1;-1;-1;-1;-1;0;0;0;0;-1;-1;-1;-1;-1;-1;-1;-1;-1;-1
173836;429;No;No;No;No;Partial;0;0;0;0;0;-1;-1;-1;-1;-1;-1;-1;-1;-1;-1;0;0;0;0;-1;-1;-1;-1;-1;-1;-1;-1;-1;-1
189569;444;No;No;No;No;Full;0;0;0;0;0;-1;-1;-1;-1;-1;-1;-1;-1;-1;-1;0;0;0;0;-1;-1;-1;-1;-1;-1;-1;-1;-1;-1
200711;187;No;No;No;No;None;0;0;0;0;0;-1;-1;-1;-1;-1;-1;-1;-1;-1;-1;0;0;0;0;-1;-1;-1;-1;-1;-1;-1;-1;-1;-1
184249;425;No;No;No;No;None;0;0;0;0;0;-1;-1;-1;-1;-1;-1;-1;-1;-1;-1;0;0;0;0;-1;-1;-1;-1;-1;-1;-1;-1;-1;-1
178838;421;No;No;No;No;None;0;0;0;0;0;-1;-1;-1;-1;-1;-1;-1;-1;-1;-1;0;0;0;0;-1;-1;-1;-1;-1;-1;-1;-1;-1;-1
189592;418;No;No;No;No;Partial;0;0;0;0;0;-1;-1;-1;-1;-1;-1;-1;-1;-1;-1;0;0;0;0;-1;-1;-1;-1;-1;-1;-1;-1;-1;-1
173859;426;No;No;No;No;None;0;0;0;0;0;-1;-1;-1;-1;-1;-1;-1;-1;-1;-1;0;0;0;0;-1;-1;-1;-1;-1;-1;-1;-1;-1;-1
195038;178;No;No;No;No;None;0;0;0;0;0;-1;-1;-1;-1;-1;-1;-1;-1;-1;-1;0;0;0;0;-1;-1;-1;-1;-1;-1;-1;-1;-1;-1
189604;413;No;No;No;No;Full;0;0;0;0;0;-1;-1;-1;-1;-1;-1;-1;-1;-1;-1;0;0;0;0;-1;-1;-1;-1;-1;-1;-1;-1;-1;-1
178873;433;No;No;No;No;Partial;0;0;0;0;0;-1;-1;-1;-1;-1;-1;-1;-1;-1;-1;0;0;0;0;-1;-1;-1;-1;-1;-1;-1;-1;-1;-1
184282;441;No;No;No;No;Partial;0;0;0;0;0;-1;-1;-1;-1;-1;-1;-1;-1;-1;-1;0;0;0;0;-1;-1;-1;-1;-1;-1;-1;-1;-1;-1
195054;210;No;No;No;No;Partial;0;0;0;0;0;-1;-1;-1;-1;-1;-1;-1;-1;-1;-1;0;0;0;0;-1;-1;-1;-1;-1;-1;-1;-1;-1;-1
170225;442;No;No;No;No;None;0;0;0;0;0;-1;-1;-1;-1;-1;-1;-1;-1;-1;-1;0;0;0;0;-1;-1;-1;-1;-1;-1;-1;-1;-1;-1
170233;427;No;No;No;No;None;0;0;0;0;0;-1;-1;-1;-1;-1;-1;-1;-1;-1;-1;0;0;0;0;-1;-1;-1;-1;-1;-1;-1;-1;-1;-1
195062;219;No;No;No;No;Partial;0;0;0;0;0;-1;-1;-1;-1;-1;-1;-1;-1;-1;-1;0;0;0;0;-1;-1;-1;-1;-1;-1;-1;-1;-1;-1
189615;444;No;No;No;No;Full;0;0;0;0;0;-1;-1;-1;-1;-1;-1;-1;-1;-1;-1;0;0;0;0;-1;-1;-1;-1;-1;-1;-1;-1;-1;-1
195070;4949;No;No;No;No;Partial;0;0;0;0;0;-1;-1;-1;-1;-1;-1;-1;-1;-1;-1;0;0;0;0;-1;-1;-1;-1;-1;-1;-1;-1;-1;-1
189621;419;No;No;No;No;Partial;0;0;0;0;0;-1;-1;-1;-1;-1;-1;-1;-1;-1;-1;0;0;0;0;-1;-1;-1;-1;-1;-1;-1;-1;-1;-1
189626;428;No;No;No;No;Partial;0;0;0;0;0;-1;-1;-1;-1;-1;-1;-1;-1;-1;-1;0;0;0;0;-1;-1;-1;-1;-1;-1;-1;-1;-1;-1
189634;429;No;No;No;No;Full;0;0;0;0;0;-1;-1;-1;-1;-1;-1;-1;-1;-1;-1;0;0;0;0;-1;-1;-1;-1;-1;-1;-1;-1;-1;-1
195087;220;No;No;No;No;None;0;0;0;0;0;-1;-1;-1;-1;-1;-1;-1;-1;-1;-1;0;0;0;0;-1;-1;-1;-1;-1;-1;-1;-1;-1;-1
170343;415;No;No;No;No;None;0;0;0;0;0;-1;-1;-1;-1;-1;-1;-1;-1;-1;-1;0;0;0;0;-1;-1;-1;-1;-1;-1;-1;-1;-1;-1
189635;417;No;No;No;No;Full;0;0;0;0;0;-1;-1;-1;-1;-1;-1;-1;-1;-1;-1;0;0;0;0;-1;-1;-1;-1;-1;-1;-1;-1;-1;-1
195090;212;No;No;No;No;Full;0;0;0;0;0;-1;-1;-1;-1;-1;-1;-1;-1;-1;-1;0;0;0;0;-1;-1;-1;-1;-1;-1;-1;-1;-1;-1
173912;422;No;No;No;No;None;0;0;0;0;0;-1;-1;-1;-1;-1;-1;-1;-1;-1;-1;0;0;0;0;-1;-1;-1;-1;-1;-1;-1;-1;-1;-1
184312;431;No;No;No;No;Full;0;0;0;0;0;-1;-1;-1;-1;-1;-1;-1;-1;-1;-1;0;0;0;0;-1;-1;-1;-1;-1;-1;-1;-1;-1;-1
170415;418;No;No;No;No;Partial;0;0;0;0;0;-1;-1;-1;-1;-1;-1;-1;-1;-1;-1;0;0;0;0;-1;-1;-1;-1;-1;-1;-1;-1;-1;-1
189650;212;No;No;No;No;Partial;0;0;0;0;0;-1;-1;-1;-1;-1;-1;-1;-1;-1;-1;0;0;0;0;-1;-1;-1;-1;-1;-1;-1;-1;-1;-1
173938;436;No;No;No;No;None;0;0;0;0;0;-1;-1;-1;-1;-1;-1;-1;-1;-1;-1;0;0;0;0;-1;-1;-1;-1;-1;-1;-1;-1;-1;-1
189657;431;No;No;No;No;Partial;0;0;0;0;0;-1;-1;-1;-1;-1;-1;-1;-1;-1;-1;0;0;0;0;-1;-1;-1;-1;-1;-1;-1;-1;-1;-1
178929;437;No;No;No;No;Partial;0;0;0;0;0;-1;-1;-1;-1;-1;-1;-1;-1;-1;-1;0;0;0;0;-1;-1;-1;-1;-1;-1;-1;-1;-1;-1
189675;417;No;No;No;No;Partial;0;0;0;0;0;-1;-1;-1;-1;-1;-1;-1;-1;-1;-1;0;0;0;0;-1;-1;-1;-1;-1;-1;-1;-1;-1;-1
178936;441;No;No;No;No;Partial;0;0;0;0;0;-1;-1;-1;-1;-1;-1;-1;-1;-1;-1;0;0;0;0;-1;-1;-1;-1;-1;-1;-1;-1;-1;-1
184336;429;No;No;No;No;Partial;0;0;0;0;0;-1;-1;-1;-1;-1;-1;-1;-1;-1;-1;0;0;0;0;-1;-1;-1;-1;-1;-1;-1;-1;-1;-1
195128;1371;No;No;No;No;Partial;0;0;0;0;0;-1;-1;-1;-1;-1;-1;-1;-1;-1;-1;0;0;0;0;-1;-1;-1;-1;-1;-1;-1;-1;-1;-1
195131;225;No;No;No;No;None;0;0;0;0;0;-1;-1;-1;-1;-1;-1;-1;-1;-1;-1;0;0;0;0;-1;-1;-1;-1;-1;-1;-1;-1;-1;-1
178941;414;No;No;No;No;Partial;0;0;0;0;0;-1;-1;-1;-1;-1;-1;-1;-1;-1;-1;0;0;0;0;-1;-1;-1;-1;-1;-1;-1;-1;-1;-1
195167;204;No;No;No;No;Partial;0;0;0;0;0;-1;-1;-1;-1;-1;-1;-1;-1;-1;-1;0;0;0;0;-1;-1;-1;-1;-1;-1;-1;-1;-1;-1
178979;414;No;No;No;No;Partial;0;0;0;0;0;-1;-1;-1;-1;-1;-1;-1;-1;-1;-1;0;0;0;0;-1;-1;-1;-1;-1;-1;-1;-1;-1;-1
184390;418;No;No;No;No;Partial;0;0;0;0;0;-1;-1;-1;-1;-1;-1;-1;-1;-1;-1;0;0;0;0;-1;-1;-1;-1;-1;-1;-1;-1;-1;-1
195178;207;No;No;No;No;Partial;0;0;0;0;0;-1;-1;-1;-1;-1;-1;-1;-1;-1;-1;0;0;0;0;-1;-1;-1;-1;-1;-1;-1;-1;-1;-1
195179;205;No;No;No;No;None;0;0;0;0;0;-1;-1;-1;-1;-1;-1;-1;-1;-1;-1;0;0;0;0;-1;-1;-1;-1;-1;-1;-1;-1;-1;-1
174032;411;No;No;No;No;None;0;0;0;0;0;-1;-1;-1;-1;-1;-1;-1;-1;-1;-1;0;0;0;0;-1;-1;-1;-1;-1;-1;-1;-1;-1;-1
195183;202;No;No;No;No;Partial;0;0;0;0;0;-1;-1;-1;-1;-1;-1;-1;-1;-1;-1;0;0;0;0;-1;-1;-1;-1;-1;-1;-1;-1;-1;-1
195191;205;No;No;No;No;Full;0;0;0;0;0;-1;-1;-1;-1;-1;-1;-1;-1;-1;-1;0;0;0;0;-1;-1;-1;-1;-1;-1;-1;-1;-1;-1
195198;206;No;No;No;No;Partial;0;0;0;0;0;-1;-1;-1;-1;-1;-1;-1;-1;-1;-1;0;0;0;0;-1;-1;-1;-1;-1;-1;-1;-1;-1;-1
195202;221;No;No;No;No;None;0;0;0;0;0;-1;-1;-1;-1;-1;-1;-1;-1;-1;-1;0;0;0;0;-1;-1;-1;-1;-1;-1;-1;-1;-1;-1
170842;442;No;No;No;No;Partial;0;0;0;0;0;-1;-1;-1;-1;-1;-1;-1;-1;-1;-1;0;0;0;0;-1;-1;-1;-1;-1;-1;-1;-1;-1;-1
184409;188;No;No;No;No;None;0;0;0;0;0;-1;-1;-1;-1;-1;-1;-1;-1;-1;-1;0;0;0;0;-1;-1;-1;-1;-1;-1;-1;-1;-1;-1
195217;232;No;No;No;No;None;0;0;0;0;0;-1;-1;-1;-1;-1;-1;-1;-1;-1;-1;0;0;0;0;-1;-1;-1;-1;-1;-1;-1;-1;-1;-1
170857;431;No;No;No;No;None;0;0;0;0;0;-1;-1;-1;-1;-1;-1;-1;-1;-1;-1;0;0;0;0;-1;-1;-1;-1;-1;-1;-1;-1;-1;-1
170861;418;No;No;No;No;None;0;0;0;0;0;-1;-1;-1;-1;-1;-1;-1;-1;-1;-1;0;0;0;0;-1;-1;-1;-1;-1;-1;-1;-1;-1;-1
170883;34;No;No;No;No;-;1380000;1380000;1380000;1380000;-1;-1;-1;-1;-1;-1;-1;-1;-1;-1;-1;-1;-1;-1;-1;-1;-1;-1;-1;-1;-1;-1;-1;-1;-1
184416;213;No;No;No;No;Partial;0;0;0;0;0;-1;-1;-1;-1;-1;-1;-1;-1;-1;-1;0;0;0;0;-1;-1;-1;-1;-1;-1;-1;-1;-1;-1
189725;432;No;No;No;No;Partial;0;0;0;0;0;-1;-1;-1;-1;-1;-1;-1;-1;-1;-1;0;0;0;0;-1;-1;-1;-1;-1;-1;-1;-1;-1;-1
179054;413;No;No;No;No;Partial;0;0;0;0;0;-1;-1;-1;-1;-1;-1;-1;-1;-1;-1;0;0;0;0;-1;-1;-1;-1;-1;-1;-1;-1;-1;-1
189735;432;No;No;No;No;Partial;0;0;0;0;0;-1;-1;-1;-1;-1;-1;-1;-1;-1;-1;0;0;0;0;-1;-1;-1;-1;-1;-1;-1;-1;-1;-1
170956;23;No;No;No;No;-;1200000;1200000;1200000;1200000;-1;-1;-1;-1;-1;-1;-1;-1;-1;-1;-1;-1;-1;-1;-1;-1;-1;-1;-1;-1;-1;-1;-1;-1;-1
189740;229;No;No;No;No;Partial;0;0;0;0;0;-1;-1;-1;-1;-1;-1;-1;-1;-1;-1;0;0;0;0;-1;-1;-1;-1;-1;-1;-1;-1;-1;-1
189741;436;No;No;No;No;Partial;0;0;0;0;0;-1;-1;-1;-1;-1;-1;-1;-1;-1;-1;0;0;0;0;-1;-1;-1;-1;-1;-1;-1;-1;-1;-1
189742;427;No;No;No;No;Partial;0;0;0;0;0;-1;-1;-1;-1;-1;-1;-1;-1;-1;-1;0;0;0;0;-1;-1;-1;-1;-1;-1;-1;-1;-1;-1
195315;218;No;No;No;No;Partial;0;0;0;0;0;-1;-1;-1;-1;-1;-1;-1;-1;-1;-1;0;0;0;0;-1;-1;-1;-1;-1;-1;-1;-1;-1;-1
189762;443;No;No;No;No;Full;0;0;0;0;0;-1;-1;-1;-1;-1;-1;-1;-1;-1;-1;0;0;0;0;-1;-1;-1;-1;-1;-1;-1;-1;-1;-1
189765;441;No;No;No;No;Partial;0;0;0;0;0;-1;-1;-1;-1;-1;-1;-1;-1;-1;-1;0;0;0;0;-1;-1;-1;-1;-1;-1;-1;-1;-1;-1
195345;221;No;No;No;No;None;0;0;0;0;0;-1;-1;-1;-1;-1;-1;-1;-1;-1;-1;0;0;0;0;-1;-1;-1;-1;-1;-1;-1;-1;-1;-1
189775;436;No;No;No;No;Partial;0;0;0;0;0;-1;-1;-1;-1;-1;-1;-1;-1;-1;-1;0;0;0;0;-1;-1;-1;-1;-1;-1;-1;-1;-1;-1
184465;417;No;No;No;No;None;0;0;0;0;0;-1;-1;-1;-1;-1;-1;-1;-1;-1;-1;0;0;0;0;-1;-1;-1;-1;-1;-1;-1;-1;-1;-1
195349;209;No;No;No;No;Partial;0;0;0;0;0;-1;-1;-1;-1;-1;-1;-1;-1;-1;-1;0;0;0;0;-1;-1;-1;-1;-1;-1;-1;-1;-1;-1
184472;419;No;No;No;No;Partial;0;0;0;0;0;-1;-1;-1;-1;-1;-1;-1;-1;-1;-1;0;0;0;0;-1;-1;-1;-1;-1;-1;-1;-1;-1;-1
195366;232;No;No;No;No;Partial;0;0;0;0;0;-1;-1;-1;-1;-1;-1;-1;-1;-1;-1;0;0;0;0;-1;-1;-1;-1;-1;-1;-1;-1;-1;-1
195375;188;No;No;No;No;None;0;0;0;0;0;-1;-1;-1;-1;-1;-1;-1;-1;-1;-1;0;0;0;0;-1;-1;-1;-1;-1;-1;-1;-1;-1;-1
195376;188;No;No;No;No;Partial;0;0;0;0;0;-1;-1;-1;-1;-1;-1;-1;-1;-1;-1;0;0;0;0;-1;-1;-1;-1;-1;-1;-1;-1;-1;-1
189799;435;No;No;No;No;Full;0;0;0;0;0;-1;-1;-1;-1;-1;-1;-1;-1;-1;-1;0;0;0;0;-1;-1;-1;-1;-1;-1;-1;-1;-1;-1
179127;422;No;No;No;No;None;0;0;0;0;0;-1;-1;-1;-1;-1;-1;-1;-1;-1;-1;0;0;0;0;-1;-1;-1;-1;-1;-1;-1;-1;-1;-1
195391;204;No;No;No;No;Partial;0;0;0;0;0;-1;-1;-1;-1;-1;-1;-1;-1;-1;-1;0;0;0;0;-1;-1;-1;-1;-1;-1;-1;-1;-1;-1
189810;438;No;No;No;No;Full;0;0;0;0;0;-1;-1;-1;-1;-1;-1;-1;-1;-1;-1;0;0;0;0;-1;-1;-1;-1;-1;-1;-1;-1;-1;-1
195401;194;No;No;No;No;None;0;0;0;0;0;-1;-1;-1;-1;-1;-1;-1;-1;-1;-1;0;0;0;0;-1;-1;-1;-1;-1;-1;-1;-1;-1;-1
189818;431;No;No;No;No;Partial;0;0;0;0;0;-1;-1;-1;-1;-1;-1;-1;-1;-1;-1;0;0;0;0;-1;-1;-1;-1;-1;-1;-1;-1;-1;-1
179153;443;No;No;No;No;Partial;0;0;0;0;0;-1;-1;-1;-1;-1;-1;-1;-1;-1;-1;0;0;0;0;-1;-1;-1;-1;-1;-1;-1;-1;-1;-1
184496;438;No;No;No;No;Full;0;0;0;0;0;-1;-1;-1;-1;-1;-1;-1;-1;-1;-1;0;0;0;0;-1;-1;-1;-1;-1;-1;-1;-1;-1;-1
179168;425;No;No;No;No;None;0;0;0;0;0;-1;-1;-1;-1;-1;-1;-1;-1;-1;-1;0;0;0;0;-1;-1;-1;-1;-1;-1;-1;-1;-1;-1
179170;426;No;No;No;No;None;0;0;0;0;0;-1;-1;-1;-1;-1;-1;-1;-1;-1;-1;0;0;0;0;-1;-1;-1;-1;-1;-1;-1;-1;-1;-1
184513;430;No;No;No;No;None;0;0;0;0;0;-1;-1;-1;-1;-1;-1;-1;-1;-1;-1;0;0;0;0;-1;-1;-1;-1;-1;-1;-1;-1;-1;-1
184514;417;No;No;No;No;Partial;0;0;0;0;0;-1;-1;-1;-1;-1;-1;-1;-1;-1;-1;0;0;0;0;-1;-1;-1;-1;-1;-1;-1;-1;-1;-1
179182;439;No;No;No;No;Partial;0;0;0;0;0;-1;-1;-1;-1;-1;-1;-1;-1;-1;-1;0;0;0;0;-1;-1;-1;-1;-1;-1;-1;-1;-1;-1
184528;418;No;No;No;No;Partial;0;0;0;0;0;-1;-1;-1;-1;-1;-1;-1;-1;-1;-1;0;0;0;0;-1;-1;-1;-1;-1;-1;-1;-1;-1;-1
-1;444;No;No;No;No;Partial;0;0;0;0;0;-1;-1;-1;-1;-1;-1;-1;-1;-1;-1;0;0;0;0;-1;-1;-1;-1;-1;-1;-1;-1;-1;-1
-1;440;No;No;No;No;Partial;0;0;0;0;0;-1;-1;-1;-1;-1;-1;-1;-1;-1;-1;0;0;0;0;-1;-1;-1;-1;-1;-1;-1;-1;-1;-1
179212;441;No;No;No;No;Partial;0;0;0;0;0;-1;-1;-1;-1;-1;-1;-1;-1;-1;-1;0;0;0;0;-1;-1;-1;-1;-1;-1;-1;-1;-1;-1
184539;440;No;No;No;No;Full;0;0;0;0;0;-1;-1;-1;-1;-1;-1;-1;-1;-1;-1;0;0;0;0;-1;-1;-1;-1;-1;-1;-1;-1;-1;-1
-1;415;No;No;No;No;Partial;0;0;0;0;0;-1;-1;-1;-1;-1;-1;-1;-1;-1;-1;0;0;0;0;-1;-1;-1;-1;-1;-1;-1;-1;-1;-1
-1;425;No;No;No;No;Partial;0;0;0;0;0;-1;-1;-1;-1;-1;-1;-1;-1;-1;-1;0;0;0;0;-1;-1;-1;-1;-1;-1;-1;-1;-1;-1
184543;187;No;No;No;No;None;0;0;0;0;0;-1;-1;-1;-1;-1;-1;-1;-1;-1;-1;0;0;0;0;-1;-1;-1;-1;-1;-1;-1;-1;-1;-1
184569;420;No;No;No;No;Partial;0;0;0;0;0;-1;-1;-1;-1;-1;-1;-1;-1;-1;-1;0;0;0;0;-1;-1;-1;-1;-1;-1;-1;-1;-1;-1
179289;429;No;No;No;No;Partial;0;0;0;0;0;-1;-1;-1;-1;-1;-1;-1;-1;-1;-1;0;0;0;0;-1;-1;-1;-1;-1;-1;-1;-1;-1;-1
179304;429;No;No;No;No;Partial;0;0;0;0;0;-1;-1;-1;-1;-1;-1;-1;-1;-1;-1;0;0;0;0;-1;-1;-1;-1;-1;-1;-1;-1;-1;-1
184589;437;No;No;No;No;Partial;0;0;0;0;0;-1;-1;-1;-1;-1;-1;-1;-1;-1;-1;0;0;0;0;-1;-1;-1;-1;-1;-1;-1;-1;-1;-1
174758;23;No;No;No;No;-;935000;935000;935000;935000;-1;-1;-1;-1;-1;-1;-1;-1;-1;-1;-1;-1;-1;-1;-1;-1;-1;-1;-1;-1;-1;-1;-1;-1;-1
179358;434;No;No;No;No;None;0;0;0;0;0;-1;-1;-1;-1;-1;-1;-1;-1;-1;-1;0;0;0;0;-1;-1;-1;-1;-1;-1;-1;-1;-1;-1
175084;22;No;No;No;No;-;900000;900000;900000;900000;-1;-1;-1;-1;-1;-1;-1;-1;-1;-1;-1;-1;-1;-1;-1;-1;-1;-1;-1;-1;-1;-1;-1;-1;-1
195657;215;No;No;No;No;None;0;0;0;0;0;-1;-1;-1;-1;-1;-1;-1;-1;-1;-1;0;0;0;0;-1;-1;-1;-1;-1;-1;-1;-1;-1;-1
190006;207;No;No;No;No;Partial;0;0;0;0;0;-1;-1;-1;-1;-1;-1;-1;-1;-1;-1;0;0;0;0;-1;-1;-1;-1;-1;-1;-1;-1;-1;-1
175461;444;No;No;No;No;Partial;0;0;0;0;0;-1;-1;-1;-1;-1;-1;-1;-1;-1;-1;0;0;0;0;-1;-1;-1;-1;-1;-1;-1;-1;-1;-1
190054;217;No;No;No;No;Partial;0;0;0;0;0;-1;-1;-1;-1;-1;-1;-1;-1;-1;-1;0;0;0;0;-1;-1;-1;-1;-1;-1;-1;-1;-1;-1
28823;10;No;No;No;Yes;-;8304878;8304878;8304878;8304878;-1;-1;-1;-1;-1;-1;-1;-1;-1;-1;-1;-1;-1;-1;-1;-1;-1;-1;-1;-1;-1;-1;-1;-1;-1
28824;23;No;No;No;Yes;-;950000;950000;950000;950000;950000;950000;950000;950000;950000;-1;-1;-1;-1;-1;-1;-1;-1;-1;-1;-1;-1;-1;-1;-1;-1;-1;-1;-1;-1
175685;436;No;No;No;No;Partial;0;0;0;0;0;-1;-1;-1;-1;-1;-1;-1;-1;-1;-1;0;0;0;0;-1;-1;-1;-1;-1;-1;-1;-1;-1;-1
175686;441;No;No;No;No;Partial;0;0;0;0;0;-1;-1;-1;-1;-1;-1;-1;-1;-1;-1;0;0;0;0;-1;-1;-1;-1;-1;-1;-1;-1;-1;-1
175723;440;No;No;No;No;Partial;0;0;0;0;0;-1;-1;-1;-1;-1;-1;-1;-1;-1;-1;0;0;0;0;-1;-1;-1;-1;-1;-1;-1;-1;-1;-1
175727;443;No;No;No;No;None;0;0;0;0;0;-1;-1;-1;-1;-1;-1;-1;-1;-1;-1;0;0;0;0;-1;-1;-1;-1;-1;-1;-1;-1;-1;-1
184775;219;No;No;No;No;Partial;0;0;0;0;0;-1;-1;-1;-1;-1;-1;-1;-1;-1;-1;0;0;0;0;-1;-1;-1;-1;-1;-1;-1;-1;-1;-1
175883;10;No;No;No;No;-;984166;984166;984166;984166;-1;-1;-1;-1;-1;-1;-1;-1;-1;-1;-1;-1;-1;-1;-1;-1;-1;-1;-1;-1;-1;-1;-1;-1;-1
201443;1505;No;No;No;No;None;0;0;0;0;0;-1;-1;-1;-1;-1;-1;-1;-1;-1;-1;0;0;0;0;-1;-1;-1;-1;-1;-1;-1;-1;-1;-1
175911;4849;No;No;No;No;None;0;0;0;0;0;-1;-1;-1;-1;-1;-1;-1;-1;-1;-1;0;0;0;0;-1;-1;-1;-1;-1;-1;-1;-1;-1;-1
184798;217;No;No;No;No;None;0;0;0;0;0;-1;-1;-1;-1;-1;-1;-1;-1;-1;-1;0;0;0;0;-1;-1;-1;-1;-1;-1;-1;-1;-1;-1
201462;186;No;No;No;No;None;0;0;0;0;0;-1;-1;-1;-1;-1;-1;-1;-1;-1;-1;0;0;0;0;-1;-1;-1;-1;-1;-1;-1;-1;-1;-1
176113;10;No;No;No;No;-;4119166;4119166;4119166;4119166;-1;-1;-1;-1;-1;-1;-1;-1;-1;-1;-1;-1;-1;-1;-1;-1;-1;-1;-1;-1;-1;-1;-1;-1;-1
201467;179;No;No;No;No;Partial;0;0;0;0;0;-1;-1;-1;-1;-1;-1;-1;-1;-1;-1;0;0;0;0;-1;-1;-1;-1;-1;-1;-1;-1;-1;-1
201469;182;No;No;No;No;None;0;0;0;0;0;-1;-1;-1;-1;-1;-1;-1;-1;-1;-1;0;0;0;0;-1;-1;-1;-1;-1;-1;-1;-1;-1;-1
176201;415;No;No;No;No;None;0;0;0;0;0;-1;-1;-1;-1;-1;-1;-1;-1;-1;-1;0;0;0;0;-1;-1;-1;-1;-1;-1;-1;-1;-1;-1
201478;182;No;No;No;No;Partial;0;0;0;0;0;-1;-1;-1;-1;-1;-1;-1;-1;-1;-1;0;0;0;0;-1;-1;-1;-1;-1;-1;-1;-1;-1;-1
201479;178;No;No;No;No;None;0;0;0;0;0;-1;-1;-1;-1;-1;-1;-1;-1;-1;-1;0;0;0;0;-1;-1;-1;-1;-1;-1;-1;-1;-1;-1
201492;183;No;No;No;No;Partial;0;0;0;0;0;-1;-1;-1;-1;-1;-1;-1;-1;-1;-1;0;0;0;0;-1;-1;-1;-1;-1;-1;-1;-1;-1;-1
201495;213;No;No;No;No;Full;0;0;0;0;0;-1;-1;-1;-1;-1;-1;-1;-1;-1;-1;0;0;0;0;-1;-1;-1;-1;-1;-1;-1;-1;-1;-1
201499;178;No;No;No;No;Partial;0;0;0;0;0;-1;-1;-1;-1;-1;-1;-1;-1;-1;-1;0;0;0;0;-1;-1;-1;-1;-1;-1;-1;-1;-1;-1
201508;181;No;No;No;No;Partial;0;0;0;0;0;-1;-1;-1;-1;-1;-1;-1;-1;-1;-1;0;0;0;0;-1;-1;-1;-1;-1;-1;-1;-1;-1;-1
201510;229;No;No;No;No;None;0;0;0;0;0;-1;-1;-1;-1;-1;-1;-1;-1;-1;-1;0;0;0;0;-1;-1;-1;-1;-1;-1;-1;-1;-1;-1
201512;202;No;No;No;No;Partial;0;0;0;0;0;-1;-1;-1;-1;-1;-1;-1;-1;-1;-1;0;0;0;0;-1;-1;-1;-1;-1;-1;-1;-1;-1;-1
201513;202;No;No;No;No;Partial;0;0;0;0;0;-1;-1;-1;-1;-1;-1;-1;-1;-1;-1;0;0;0;0;-1;-1;-1;-1;-1;-1;-1;-1;-1;-1
201515;222;No;No;No;No;None;0;0;0;0;0;-1;-1;-1;-1;-1;-1;-1;-1;-1;-1;0;0;0;0;-1;-1;-1;-1;-1;-1;-1;-1;-1;-1
201524;205;No;No;No;No;None;0;0;0;0;0;-1;-1;-1;-1;-1;-1;-1;-1;-1;-1;0;0;0;0;-1;-1;-1;-1;-1;-1;-1;-1;-1;-1
201532;203;No;No;No;No;Partial;0;0;0;0;0;-1;-1;-1;-1;-1;-1;-1;-1;-1;-1;0;0;0;0;-1;-1;-1;-1;-1;-1;-1;-1;-1;-1
201533;203;No;No;No;No;Partial;0;0;0;0;0;-1;-1;-1;-1;-1;-1;-1;-1;-1;-1;0;0;0;0;-1;-1;-1;-1;-1;-1;-1;-1;-1;-1
201538;206;No;No;No;No;Partial;0;0;0;0;0;-1;-1;-1;-1;-1;-1;-1;-1;-1;-1;0;0;0;0;-1;-1;-1;-1;-1;-1;-1;-1;-1;-1
201542;224;No;No;No;No;Partial;0;0;0;0;0;-1;-1;-1;-1;-1;-1;-1;-1;-1;-1;0;0;0;0;-1;-1;-1;-1;-1;-1;-1;-1;-1;-1
201544;202;No;No;No;No;Partial;0;0;0;0;0;-1;-1;-1;-1;-1;-1;-1;-1;-1;-1;0;0;0;0;-1;-1;-1;-1;-1;-1;-1;-1;-1;-1
201549;206;No;No;No;No;Partial;0;0;0;0;0;-1;-1;-1;-1;-1;-1;-1;-1;-1;-1;0;0;0;0;-1;-1;-1;-1;-1;-1;-1;-1;-1;-1
201553;203;No;No;No;No;Partial;0;0;0;0;0;-1;-1;-1;-1;-1;-1;-1;-1;-1;-1;0;0;0;0;-1;-1;-1;-1;-1;-1;-1;-1;-1;-1
201555;229;No;No;No;No;Partial;0;0;0;0;0;-1;-1;-1;-1;-1;-1;-1;-1;-1;-1;0;0;0;0;-1;-1;-1;-1;-1;-1;-1;-1;-1;-1
201559;228;No;No;No;No;Partial;0;0;0;0;0;-1;-1;-1;-1;-1;-1;-1;-1;-1;-1;0;0;0;0;-1;-1;-1;-1;-1;-1;-1;-1;-1;-1
201560;202;No;No;No;No;Partial;0;0;0;0;0;-1;-1;-1;-1;-1;-1;-1;-1;-1;-1;0;0;0;0;-1;-1;-1;-1;-1;-1;-1;-1;-1;-1
201562;2620;No;No;No;No;Full;0;0;0;0;0;-1;-1;-1;-1;-1;-1;-1;-1;-1;-1;0;0;0;0;-1;-1;-1;-1;-1;-1;-1;-1;-1;-1
201567;222;No;No;No;No;Partial;0;0;0;0;0;-1;-1;-1;-1;-1;-1;-1;-1;-1;-1;0;0;0;0;-1;-1;-1;-1;-1;-1;-1;-1;-1;-1
201570;185;No;No;No;No;Full;0;0;0;0;0;-1;-1;-1;-1;-1;-1;-1;-1;-1;-1;0;0;0;0;-1;-1;-1;-1;-1;-1;-1;-1;-1;-1
201576;229;No;No;No;No;Full;0;0;0;0;0;-1;-1;-1;-1;-1;-1;-1;-1;-1;-1;0;0;0;0;-1;-1;-1;-1;-1;-1;-1;-1;-1;-1
201580;223;No;No;No;No;None;0;0;0;0;0;-1;-1;-1;-1;-1;-1;-1;-1;-1;-1;0;0;0;0;-1;-1;-1;-1;-1;-1;-1;-1;-1;-1
201585;197;No;No;No;No;None;0;0;0;0;0;-1;-1;-1;-1;-1;-1;-1;-1;-1;-1;0;0;0;0;-1;-1;-1;-1;-1;-1;-1;-1;-1;-1
201586;190;No;No;No;No;None;0;0;0;0;0;-1;-1;-1;-1;-1;-1;-1;-1;-1;-1;0;0;0;0;-1;-1;-1;-1;-1;-1;-1;-1;-1;-1
201591;190;No;No;No;No;None;0;0;0;0;0;-1;-1;-1;-1;-1;-1;-1;-1;-1;-1;0;0;0;0;-1;-1;-1;-1;-1;-1;-1;-1;-1;-1
201593;4864;No;No;No;No;None;0;0;0;0;0;-1;-1;-1;-1;-1;-1;-1;-1;-1;-1;0;0;0;0;-1;-1;-1;-1;-1;-1;-1;-1;-1;-1
201594;225;No;No;No;No;None;0;0;0;0;0;-1;-1;-1;-1;-1;-1;-1;-1;-1;-1;0;0;0;0;-1;-1;-1;-1;-1;-1;-1;-1;-1;-1
176666;85;No;No;No;No;-;12500;12500;-1;-1;-1;-1;-1;-1;-1;-1;-1;-1;-1;-1;-1;12500;-1;-1;-1;-1;-1;-1;-1;-1;-1;-1;-1;-1;-1
201598;225;No;No;No;No;Partial;0;0;0;0;0;-1;-1;-1;-1;-1;-1;-1;-1;-1;-1;0;0;0;0;-1;-1;-1;-1;-1;-1;-1;-1;-1;-1
201602;222;No;No;No;No;None;0;0;0;0;0;-1;-1;-1;-1;-1;-1;-1;-1;-1;-1;0;0;0;0;-1;-1;-1;-1;-1;-1;-1;-1;-1;-1
201606;231;No;No;No;No;None;0;0;0;0;0;-1;-1;-1;-1;-1;-1;-1;-1;-1;-1;0;0;0;0;-1;-1;-1;-1;-1;-1;-1;-1;-1;-1
201610;4864;No;No;No;No;Full;0;0;0;0;0;-1;-1;-1;-1;-1;-1;-1;-1;-1;-1;0;0;0;0;-1;-1;-1;-1;-1;-1;-1;-1;-1;-1
201615;178;No;No;No;No;Partial;0;0;0;0;0;-1;-1;-1;-1;-1;-1;-1;-1;-1;-1;0;0;0;0;-1;-1;-1;-1;-1;-1;-1;-1;-1;-1
179676;411;No;No;No;No;None;0;0;0;0;0;-1;-1;-1;-1;-1;-1;-1;-1;-1;-1;0;0;0;0;-1;-1;-1;-1;-1;-1;-1;-1;-1;-1
201664;1505;No;No;No;No;None;0;0;0;0;0;-1;-1;-1;-1;-1;-1;-1;-1;-1;-1;0;0;0;0;-1;-1;-1;-1;-1;-1;-1;-1;-1;-1
201689;198;No;No;No;No;None;0;0;0;0;0;-1;-1;-1;-1;-1;-1;-1;-1;-1;-1;0;0;0;0;-1;-1;-1;-1;-1;-1;-1;-1;-1;-1
196029;215;No;No;No;No;None;0;0;0;0;0;-1;-1;-1;-1;-1;-1;-1;-1;-1;-1;0;0;0;0;-1;-1;-1;-1;-1;-1;-1;-1;-1;-1
201696;4949;No;No;No;No;None;0;0;0;0;0;-1;-1;-1;-1;-1;-1;-1;-1;-1;-1;0;0;0;0;-1;-1;-1;-1;-1;-1;-1;-1;-1;-1
201712;198;No;No;No;No;None;0;0;0;0;0;-1;-1;-1;-1;-1;-1;-1;-1;-1;-1;0;0;0;0;-1;-1;-1;-1;-1;-1;-1;-1;-1;-1
184947;185;No;No;No;No;None;0;0;0;0;0;-1;-1;-1;-1;-1;-1;-1;-1;-1;-1;0;0;0;0;-1;-1;-1;-1;-1;-1;-1;-1;-1;-1
201717;193;No;No;No;No;None;0;0;0;0;0;-1;-1;-1;-1;-1;-1;-1;-1;-1;-1;0;0;0;0;-1;-1;-1;-1;-1;-1;-1;-1;-1;-1
201718;193;No;No;No;No;None;0;0;0;0;0;-1;-1;-1;-1;-1;-1;-1;-1;-1;-1;0;0;0;0;-1;-1;-1;-1;-1;-1;-1;-1;-1;-1
-1;2163;No;No;No;No;-;25000;25000;25000;-1;-1;-1;-1;-1;-1;-1;-1;-1;-1;-1;-1;25000;25000;-1;-1;-1;-1;-1;-1;-1;-1;-1;-1;-1;-1
201749;189;No;No;No;No;None;0;0;0;0;0;-1;-1;-1;-1;-1;-1;-1;-1;-1;-1;0;0;0;0;-1;-1;-1;-1;-1;-1;-1;-1;-1;-1
201750;1505;No;No;No;No;None;0;0;0;0;0;-1;-1;-1;-1;-1;-1;-1;-1;-1;-1;0;0;0;0;-1;-1;-1;-1;-1;-1;-1;-1;-1;-1
-1;440;No;No;No;No;Partial;0;0;0;0;0;-1;-1;-1;-1;-1;-1;-1;-1;-1;-1;0;0;0;0;-1;-1;-1;-1;-1;-1;-1;-1;-1;-1
-1;438;No;No;No;No;Partial;0;0;0;0;0;-1;-1;-1;-1;-1;-1;-1;-1;-1;-1;0;0;0;0;-1;-1;-1;-1;-1;-1;-1;-1;-1;-1
201799;4864;No;No;No;No;None;0;0;0;0;0;-1;-1;-1;-1;-1;-1;-1;-1;-1;-1;0;0;0;0;-1;-1;-1;-1;-1;-1;-1;-1;-1;-1
201813;198;No;No;No;No;None;0;0;0;0;0;-1;-1;-1;-1;-1;-1;-1;-1;-1;-1;0;0;0;0;-1;-1;-1;-1;-1;-1;-1;-1;-1;-1
185040;201;No;No;No;No;Partial;0;0;0;0;0;-1;-1;-1;-1;-1;-1;-1;-1;-1;-1;0;0;0;0;-1;-1;-1;-1;-1;-1;-1;-1;-1;-1
201849;195;No;No;No;No;Partial;0;0;0;0;0;-1;-1;-1;-1;-1;-1;-1;-1;-1;-1;0;0;0;0;-1;-1;-1;-1;-1;-1;-1;-1;-1;-1
201857;191;No;No;No;No;None;0;0;0;0;0;-1;-1;-1;-1;-1;-1;-1;-1;-1;-1;0;0;0;0;-1;-1;-1;-1;-1;-1;-1;-1;-1;-1
196242;182;No;No;No;No;None;0;0;0;0;0;-1;-1;-1;-1;-1;-1;-1;-1;-1;-1;0;0;0;0;-1;-1;-1;-1;-1;-1;-1;-1;-1;-1
201883;212;No;No;No;No;None;0;0;0;0;0;-1;-1;-1;-1;-1;-1;-1;-1;-1;-1;0;0;0;0;-1;-1;-1;-1;-1;-1;-1;-1;-1;-1
201892;191;No;No;No;No;None;0;0;0;0;0;-1;-1;-1;-1;-1;-1;-1;-1;-1;-1;0;0;0;0;-1;-1;-1;-1;-1;-1;-1;-1;-1;-1
196282;224;No;No;No;No;Full;0;0;0;0;0;-1;-1;-1;-1;-1;-1;-1;-1;-1;-1;0;0;0;0;-1;-1;-1;-1;-1;-1;-1;-1;-1;-1
34390;1854;No;No;No;No;-;26000;26000;-1;-1;-1;-1;-1;-1;-1;-1;-1;-1;-1;-1;-1;26000;-1;-1;-1;-1;-1;-1;-1;-1;-1;-1;-1;-1;-1
180792;423;No;No;No;No;None;0;0;0;0;0;-1;-1;-1;-1;-1;-1;-1;-1;-1;-1;0;0;0;0;-1;-1;-1;-1;-1;-1;-1;-1;-1;-1
180807;437;No;No;No;No;Partial;0;0;0;0;0;-1;-1;-1;-1;-1;-1;-1;-1;-1;-1;0;0;0;0;-1;-1;-1;-1;-1;-1;-1;-1;-1;-1
201987;215;No;No;No;No;None;0;0;0;0;0;-1;-1;-1;-1;-1;-1;-1;-1;-1;-1;0;0;0;0;-1;-1;-1;-1;-1;-1;-1;-1;-1;-1
201993;219;No;No;No;No;Partial;0;0;0;0;0;-1;-1;-1;-1;-1;-1;-1;-1;-1;-1;0;0;0;0;-1;-1;-1;-1;-1;-1;-1;-1;-1;-1
201994;204;No;No;No;No;None;0;0;0;0;0;-1;-1;-1;-1;-1;-1;-1;-1;-1;-1;0;0;0;0;-1;-1;-1;-1;-1;-1;-1;-1;-1;-1
180850;412;No;No;No;No;Partial;0;0;0;0;0;-1;-1;-1;-1;-1;-1;-1;-1;-1;-1;0;0;0;0;-1;-1;-1;-1;-1;-1;-1;-1;-1;-1
180851;433;No;No;No;No;Partial;0;0;0;0;0;-1;-1;-1;-1;-1;-1;-1;-1;-1;-1;0;0;0;0;-1;-1;-1;-1;-1;-1;-1;-1;-1;-1
180858;449;No;No;No;No;Partial;0;0;0;0;0;-1;-1;-1;-1;-1;-1;-1;-1;-1;-1;0;0;0;0;-1;-1;-1;-1;-1;-1;-1;-1;-1;-1
202004;208;No;No;No;No;None;0;0;0;0;0;-1;-1;-1;-1;-1;-1;-1;-1;-1;-1;0;0;0;0;-1;-1;-1;-1;-1;-1;-1;-1;-1;-1
180889;413;No;No;No;No;Partial;0;0;0;0;0;-1;-1;-1;-1;-1;-1;-1;-1;-1;-1;0;0;0;0;-1;-1;-1;-1;-1;-1;-1;-1;-1;-1
202009;219;No;No;No;No;None;0;0;0;0;0;-1;-1;-1;-1;-1;-1;-1;-1;-1;-1;0;0;0;0;-1;-1;-1;-1;-1;-1;-1;-1;-1;-1
202011;219;No;No;No;No;None;0;0;0;0;0;-1;-1;-1;-1;-1;-1;-1;-1;-1;-1;0;0;0;0;-1;-1;-1;-1;-1;-1;-1;-1;-1;-1
202013;219;No;No;No;No;Partial;0;0;0;0;0;-1;-1;-1;-1;-1;-1;-1;-1;-1;-1;0;0;0;0;-1;-1;-1;-1;-1;-1;-1;-1;-1;-1
202016;219;No;No;No;No;Partial;0;0;0;0;0;-1;-1;-1;-1;-1;-1;-1;-1;-1;-1;0;0;0;0;-1;-1;-1;-1;-1;-1;-1;-1;-1;-1
202018;210;No;No;No;No;Partial;0;0;0;0;0;-1;-1;-1;-1;-1;-1;-1;-1;-1;-1;0;0;0;0;-1;-1;-1;-1;-1;-1;-1;-1;-1;-1
202019;4949;No;No;No;No;Full;0;0;0;0;0;-1;-1;-1;-1;-1;-1;-1;-1;-1;-1;0;0;0;0;-1;-1;-1;-1;-1;-1;-1;-1;-1;-1
180939;423;No;No;No;No;None;0;0;0;0;0;-1;-1;-1;-1;-1;-1;-1;-1;-1;-1;0;0;0;0;-1;-1;-1;-1;-1;-1;-1;-1;-1;-1
202027;177;No;No;No;No;Partial;0;0;0;0;0;-1;-1;-1;-1;-1;-1;-1;-1;-1;-1;0;0;0;0;-1;-1;-1;-1;-1;-1;-1;-1;-1;-1
202039;195;No;No;No;No;Partial;0;0;0;0;0;-1;-1;-1;-1;-1;-1;-1;-1;-1;-1;0;0;0;0;-1;-1;-1;-1;-1;-1;-1;-1;-1;-1
196471;187;No;No;No;No;None;0;0;0;0;0;-1;-1;-1;-1;-1;-1;-1;-1;-1;-1;0;0;0;0;-1;-1;-1;-1;-1;-1;-1;-1;-1;-1
202050;209;No;No;No;No;Partial;0;0;0;0;0;-1;-1;-1;-1;-1;-1;-1;-1;-1;-1;0;0;0;0;-1;-1;-1;-1;-1;-1;-1;-1;-1;-1
202074;201;No;No;No;No;None;0;0;0;0;0;-1;-1;-1;-1;-1;-1;-1;-1;-1;-1;0;0;0;0;-1;-1;-1;-1;-1;-1;-1;-1;-1;-1
202079;4960;No;No;No;No;Partial;0;0;0;0;0;-1;-1;-1;-1;-1;-1;-1;-1;-1;-1;0;0;0;0;-1;-1;-1;-1;-1;-1;-1;-1;-1;-1
181147;420;No;No;No;No;Partial;0;0;0;0;0;-1;-1;-1;-1;-1;-1;-1;-1;-1;-1;0;0;0;0;-1;-1;-1;-1;-1;-1;-1;-1;-1;-1
202136;228;No;No;No;No;None;0;0;0;0;0;-1;-1;-1;-1;-1;-1;-1;-1;-1;-1;0;0;0;0;-1;-1;-1;-1;-1;-1;-1;-1;-1;-1
202145;201;No;No;No;No;None;0;0;0;0;0;-1;-1;-1;-1;-1;-1;-1;-1;-1;-1;0;0;0;0;-1;-1;-1;-1;-1;-1;-1;-1;-1;-1
202149;195;No;No;No;No;Partial;0;0;0;0;0;-1;-1;-1;-1;-1;-1;-1;-1;-1;-1;0;0;0;0;-1;-1;-1;-1;-1;-1;-1;-1;-1;-1
181240;439;No;No;No;No;Full;0;0;0;0;0;-1;-1;-1;-1;-1;-1;-1;-1;-1;-1;0;0;0;0;-1;-1;-1;-1;-1;-1;-1;-1;-1;-1
181242;428;No;No;No;No;None;0;0;0;0;0;-1;-1;-1;-1;-1;-1;-1;-1;-1;-1;0;0;0;0;-1;-1;-1;-1;-1;-1;-1;-1;-1;-1
196505;192;No;No;No;No;None;0;0;0;0;0;-1;-1;-1;-1;-1;-1;-1;-1;-1;-1;0;0;0;0;-1;-1;-1;-1;-1;-1;-1;-1;-1;-1
181303;440;No;No;No;No;Partial;0;0;0;0;0;-1;-1;-1;-1;-1;-1;-1;-1;-1;-1;0;0;0;0;-1;-1;-1;-1;-1;-1;-1;-1;-1;-1
181310;440;No;No;No;No;Partial;0;0;0;0;0;-1;-1;-1;-1;-1;-1;-1;-1;-1;-1;0;0;0;0;-1;-1;-1;-1;-1;-1;-1;-1;-1;-1
181311;443;No;No;No;No;None;0;0;0;0;0;-1;-1;-1;-1;-1;-1;-1;-1;-1;-1;0;0;0;0;-1;-1;-1;-1;-1;-1;-1;-1;-1;-1
202170;192;No;No;No;No;None;0;0;0;0;0;-1;-1;-1;-1;-1;-1;-1;-1;-1;-1;0;0;0;0;-1;-1;-1;-1;-1;-1;-1;-1;-1;-1
181339;427;No;No;No;No;None;0;0;0;0;0;-1;-1;-1;-1;-1;-1;-1;-1;-1;-1;0;0;0;0;-1;-1;-1;-1;-1;-1;-1;-1;-1;-1
181340;442;No;No;No;No;None;0;0;0;0;0;-1;-1;-1;-1;-1;-1;-1;-1;-1;-1;0;0;0;0;-1;-1;-1;-1;-1;-1;-1;-1;-1;-1
181345;412;No;No;No;No;Partial;0;0;0;0;0;-1;-1;-1;-1;-1;-1;-1;-1;-1;-1;0;0;0;0;-1;-1;-1;-1;-1;-1;-1;-1;-1;-1
37058;10;No;No;No;Yes;-;9980000;9980000;9980000;9980000;-1;-1;-1;-1;-1;-1;-1;-1;-1;-1;-1;-1;-1;-1;-1;-1;-1;-1;-1;-1;-1;-1;-1;-1;-1
202206;187;No;No;No;No;None;0;0;0;0;0;-1;-1;-1;-1;-1;-1;-1;-1;-1;-1;0;0;0;0;-1;-1;-1;-1;-1;-1;-1;-1;-1;-1
202216;193;No;No;No;No;None;0;0;0;0;0;-1;-1;-1;-1;-1;-1;-1;-1;-1;-1;0;0;0;0;-1;-1;-1;-1;-1;-1;-1;-1;-1;-1
202225;220;No;No;No;No;None;0;0;0;0;0;-1;-1;-1;-1;-1;-1;-1;-1;-1;-1;0;0;0;0;-1;-1;-1;-1;-1;-1;-1;-1;-1;-1
202262;192;No;No;No;No;None;0;0;0;0;0;-1;-1;-1;-1;-1;-1;-1;-1;-1;-1;0;0;0;0;-1;-1;-1;-1;-1;-1;-1;-1;-1;-1
202266;224;No;No;No;No;None;0;0;0;0;0;-1;-1;-1;-1;-1;-1;-1;-1;-1;-1;0;0;0;0;-1;-1;-1;-1;-1;-1;-1;-1;-1;-1
202271;4960;No;No;No;No;Partial;0;0;0;0;0;-1;-1;-1;-1;-1;-1;-1;-1;-1;-1;0;0;0;0;-1;-1;-1;-1;-1;-1;-1;-1;-1;-1
202284;4960;No;No;No;No;Partial;0;0;0;0;0;-1;-1;-1;-1;-1;-1;-1;-1;-1;-1;0;0;0;0;-1;-1;-1;-1;-1;-1;-1;-1;-1;-1
182076;428;No;No;No;No;None;0;0;0;0;0;-1;-1;-1;-1;-1;-1;-1;-1;-1;-1;0;0;0;0;-1;-1;-1;-1;-1;-1;-1;-1;-1;-1
202302;230;No;No;No;No;None;0;0;0;0;0;-1;-1;-1;-1;-1;-1;-1;-1;-1;-1;0;0;0;0;-1;-1;-1;-1;-1;-1;-1;-1;-1;-1
202315;188;No;No;No;No;None;0;0;0;0;0;-1;-1;-1;-1;-1;-1;-1;-1;-1;-1;0;0;0;0;-1;-1;-1;-1;-1;-1;-1;-1;-1;-1
-1;480;No;No;No;No;-;29000;29000;-1;-1;-1;-1;-1;-1;-1;-1;-1;-1;-1;-1;-1;3480;-1;-1;-1;-1;-1;-1;-1;-1;-1;-1;-1;-1;-1
202317;193;No;No;No;No;None;0;0;0;0;0;-1;-1;-1;-1;-1;-1;-1;-1;-1;-1;0;0;0;0;-1;-1;-1;-1;-1;-1;-1;-1;-1;-1
-1;179;No;No;No;No;None;0;0;0;0;0;-1;-1;-1;-1;-1;-1;-1;-1;-1;-1;0;0;0;0;-1;-1;-1;-1;-1;-1;-1;-1;-1;-1
-1;421;No;No;No;No;Partial;0;0;0;0;0;-1;-1;-1;-1;-1;-1;-1;-1;-1;-1;0;0;0;0;-1;-1;-1;-1;-1;-1;-1;-1;-1;-1
196664;228;No;No;No;No;None;0;0;0;0;0;-1;-1;-1;-1;-1;-1;-1;-1;-1;-1;0;0;0;0;-1;-1;-1;-1;-1;-1;-1;-1;-1;-1
-1;439;No;No;No;No;Full;0;0;0;0;0;-1;-1;-1;-1;-1;-1;-1;-1;-1;-1;0;0;0;0;-1;-1;-1;-1;-1;-1;-1;-1;-1;-1
-1;436;No;No;No;No;Full;0;0;0;0;0;-1;-1;-1;-1;-1;-1;-1;-1;-1;-1;0;0;0;0;-1;-1;-1;-1;-1;-1;-1;-1;-1;-1
-1;412;No;No;No;No;Partial;0;0;0;0;0;-1;-1;-1;-1;-1;-1;-1;-1;-1;-1;0;0;0;0;-1;-1;-1;-1;-1;-1;-1;-1;-1;-1
-1;179;No;No;No;No;Partial;0;0;0;0;0;-1;-1;-1;-1;-1;-1;-1;-1;-1;-1;0;0;0;0;-1;-1;-1;-1;-1;-1;-1;-1;-1;-1
-1;189;No;No;No;No;None;0;0;0;0;0;-1;-1;-1;-1;-1;-1;-1;-1;-1;-1;0;0;0;0;-1;-1;-1;-1;-1;-1;-1;-1;-1;-1
-1;225;No;No;No;No;None;0;0;0;0;0;-1;-1;-1;-1;-1;-1;-1;-1;-1;-1;0;0;0;0;-1;-1;-1;-1;-1;-1;-1;-1;-1;-1
-1;131;No;No;No;No;-;3000;3000;-1;-1;-1;-1;-1;-1;-1;-1;-1;-1;-1;-1;-1;3000;-1;-1;-1;-1;-1;-1;-1;-1;-1;-1;-1;-1;-1
185819;430;No;No;No;No;Full;0;0;0;0;0;-1;-1;-1;-1;-1;-1;-1;-1;-1;-1;0;0;0;0;-1;-1;-1;-1;-1;-1;-1;-1;-1;-1
185820;202;No;No;No;No;Partial;0;0;0;0;0;-1;-1;-1;-1;-1;-1;-1;-1;-1;-1;0;0;0;0;-1;-1;-1;-1;-1;-1;-1;-1;-1;-1
185924;415;No;No;No;No;Partial;0;0;0;0;0;-1;-1;-1;-1;-1;-1;-1;-1;-1;-1;0;0;0;0;-1;-1;-1;-1;-1;-1;-1;-1;-1;-1
185926;413;No;No;No;No;Partial;0;0;0;0;0;-1;-1;-1;-1;-1;-1;-1;-1;-1;-1;0;0;0;0;-1;-1;-1;-1;-1;-1;-1;-1;-1;-1
185934;434;No;No;No;No;Partial;0;0;0;0;0;-1;-1;-1;-1;-1;-1;-1;-1;-1;-1;0;0;0;0;-1;-1;-1;-1;-1;-1;-1;-1;-1;-1
185936;428;No;No;No;No;Partial;0;0;0;0;0;-1;-1;-1;-1;-1;-1;-1;-1;-1;-1;0;0;0;0;-1;-1;-1;-1;-1;-1;-1;-1;-1;-1
185951;441;No;No;No;No;Full;0;0;0;0;0;-1;-1;-1;-1;-1;-1;-1;-1;-1;-1;0;0;0;0;-1;-1;-1;-1;-1;-1;-1;-1;-1;-1
185957;426;No;No;No;No;None;0;0;0;0;0;-1;-1;-1;-1;-1;-1;-1;-1;-1;-1;0;0;0;0;-1;-1;-1;-1;-1;-1;-1;-1;-1;-1
185980;410;No;No;No;No;Partial;0;0;0;0;0;-1;-1;-1;-1;-1;-1;-1;-1;-1;-1;0;0;0;0;-1;-1;-1;-1;-1;-1;-1;-1;-1;-1
185982;430;No;No;No;No;Full;0;0;0;0;0;-1;-1;-1;-1;-1;-1;-1;-1;-1;-1;0;0;0;0;-1;-1;-1;-1;-1;-1;-1;-1;-1;-1
185989;426;No;No;No;No;None;0;0;0;0;0;-1;-1;-1;-1;-1;-1;-1;-1;-1;-1;0;0;0;0;-1;-1;-1;-1;-1;-1;-1;-1;-1;-1
186014;425;No;No;No;No;Full;0;0;0;0;0;-1;-1;-1;-1;-1;-1;-1;-1;-1;-1;0;0;0;0;-1;-1;-1;-1;-1;-1;-1;-1;-1;-1
186021;422;No;No;No;No;Partial;0;0;0;0;0;-1;-1;-1;-1;-1;-1;-1;-1;-1;-1;0;0;0;0;-1;-1;-1;-1;-1;-1;-1;-1;-1;-1
186022;426;No;No;No;No;Partial;0;0;0;0;0;-1;-1;-1;-1;-1;-1;-1;-1;-1;-1;0;0;0;0;-1;-1;-1;-1;-1;-1;-1;-1;-1;-1
186054;449;No;No;No;No;Partial;0;0;0;0;0;-1;-1;-1;-1;-1;-1;-1;-1;-1;-1;0;0;0;0;-1;-1;-1;-1;-1;-1;-1;-1;-1;-1
186076;420;No;No;No;No;Partial;0;0;0;0;0;-1;-1;-1;-1;-1;-1;-1;-1;-1;-1;0;0;0;0;-1;-1;-1;-1;-1;-1;-1;-1;-1;-1
186102;428;No;No;No;No;Partial;0;0;0;0;0;-1;-1;-1;-1;-1;-1;-1;-1;-1;-1;0;0;0;0;-1;-1;-1;-1;-1;-1;-1;-1;-1;-1
186117;437;No;No;No;No;Full;0;0;0;0;0;-1;-1;-1;-1;-1;-1;-1;-1;-1;-1;0;0;0;0;-1;-1;-1;-1;-1;-1;-1;-1;-1;-1
186141;420;No;No;No;No;Partial;0;0;0;0;0;-1;-1;-1;-1;-1;-1;-1;-1;-1;-1;0;0;0;0;-1;-1;-1;-1;-1;-1;-1;-1;-1;-1
186170;442;No;No;No;No;Partial;0;0;0;0;0;-1;-1;-1;-1;-1;-1;-1;-1;-1;-1;0;0;0;0;-1;-1;-1;-1;-1;-1;-1;-1;-1;-1
186176;417;No;No;No;No;Partial;0;0;0;0;0;-1;-1;-1;-1;-1;-1;-1;-1;-1;-1;0;0;0;0;-1;-1;-1;-1;-1;-1;-1;-1;-1;-1
186182;431;No;No;No;No;None;0;0;0;0;0;-1;-1;-1;-1;-1;-1;-1;-1;-1;-1;0;0;0;0;-1;-1;-1;-1;-1;-1;-1;-1;-1;-1
186199;415;No;No;No;No;Partial;0;0;0;0;0;-1;-1;-1;-1;-1;-1;-1;-1;-1;-1;0;0;0;0;-1;-1;-1;-1;-1;-1;-1;-1;-1;-1
186209;224;No;No;No;No;None;0;0;0;0;0;-1;-1;-1;-1;-1;-1;-1;-1;-1;-1;0;0;0;0;-1;-1;-1;-1;-1;-1;-1;-1;-1;-1
186214;433;No;No;No;No;Partial;0;0;0;0;0;-1;-1;-1;-1;-1;-1;-1;-1;-1;-1;0;0;0;0;-1;-1;-1;-1;-1;-1;-1;-1;-1;-1
186215;418;No;No;No;No;Partial;0;0;0;0;0;-1;-1;-1;-1;-1;-1;-1;-1;-1;-1;0;0;0;0;-1;-1;-1;-1;-1;-1;-1;-1;-1;-1
186354;425;No;No;No;No;Full;0;0;0;0;0;-1;-1;-1;-1;-1;-1;-1;-1;-1;-1;0;0;0;0;-1;-1;-1;-1;-1;-1;-1;-1;-1;-1
186442;4849;No;No;No;No;Full;0;0;0;0;0;-1;-1;-1;-1;-1;-1;-1;-1;-1;-1;0;0;0;0;-1;-1;-1;-1;-1;-1;-1;-1;-1;-1
186453;434;No;No;No;No;Partial;0;0;0;0;0;-1;-1;-1;-1;-1;-1;-1;-1;-1;-1;0;0;0;0;-1;-1;-1;-1;-1;-1;-1;-1;-1;-1
186454;428;No;No;No;No;None;0;0;0;0;0;-1;-1;-1;-1;-1;-1;-1;-1;-1;-1;0;0;0;0;-1;-1;-1;-1;-1;-1;-1;-1;-1;-1
186456;434;No;No;No;No;Partial;0;0;0;0;0;-1;-1;-1;-1;-1;-1;-1;-1;-1;-1;0;0;0;0;-1;-1;-1;-1;-1;-1;-1;-1;-1;-1
186468;411;No;No;No;No;Partial;0;0;0;0;0;-1;-1;-1;-1;-1;-1;-1;-1;-1;-1;0;0;0;0;-1;-1;-1;-1;-1;-1;-1;-1;-1;-1
186504;439;No;No;No;No;Partial;0;0;0;0;0;-1;-1;-1;-1;-1;-1;-1;-1;-1;-1;0;0;0;0;-1;-1;-1;-1;-1;-1;-1;-1;-1;-1
186540;417;No;No;No;No;None;0;0;0;0;0;-1;-1;-1;-1;-1;-1;-1;-1;-1;-1;0;0;0;0;-1;-1;-1;-1;-1;-1;-1;-1;-1;-1
186581;194;No;No;No;No;None;0;0;0;0;0;-1;-1;-1;-1;-1;-1;-1;-1;-1;-1;0;0;0;0;-1;-1;-1;-1;-1;-1;-1;-1;-1;-1
186593;434;No;No;No;No;Partial;0;0;0;0;0;-1;-1;-1;-1;-1;-1;-1;-1;-1;-1;0;0;0;0;-1;-1;-1;-1;-1;-1;-1;-1;-1;-1
186603;438;No;No;No;No;Partial;0;0;0;0;0;-1;-1;-1;-1;-1;-1;-1;-1;-1;-1;0;0;0;0;-1;-1;-1;-1;-1;-1;-1;-1;-1;-1
186618;4960;No;No;No;No;None;0;0;0;0;0;-1;-1;-1;-1;-1;-1;-1;-1;-1;-1;0;0;0;0;-1;-1;-1;-1;-1;-1;-1;-1;-1;-1
186647;428;No;No;No;No;Full;0;0;0;0;0;-1;-1;-1;-1;-1;-1;-1;-1;-1;-1;0;0;0;0;-1;-1;-1;-1;-1;-1;-1;-1;-1;-1
186671;425;No;No;No;No;Partial;0;0;0;0;0;-1;-1;-1;-1;-1;-1;-1;-1;-1;-1;0;0;0;0;-1;-1;-1;-1;-1;-1;-1;-1;-1;-1
186678;440;No;No;No;No;Full;0;0;0;0;0;-1;-1;-1;-1;-1;-1;-1;-1;-1;-1;0;0;0;0;-1;-1;-1;-1;-1;-1;-1;-1;-1;-1
191152;442;No;No;No;No;Partial;0;0;0;0;0;-1;-1;-1;-1;-1;-1;-1;-1;-1;-1;0;0;0;0;-1;-1;-1;-1;-1;-1;-1;-1;-1;-1
191159;440;No;No;No;No;Full;0;0;0;0;0;-1;-1;-1;-1;-1;-1;-1;-1;-1;-1;0;0;0;0;-1;-1;-1;-1;-1;-1;-1;-1;-1;-1
187265;202;No;No;No;No;Partial;0;0;0;0;0;-1;-1;-1;-1;-1;-1;-1;-1;-1;-1;0;0;0;0;-1;-1;-1;-1;-1;-1;-1;-1;-1;-1
191180;435;No;No;No;No;Full;0;0;0;0;0;-1;-1;-1;-1;-1;-1;-1;-1;-1;-1;0;0;0;0;-1;-1;-1;-1;-1;-1;-1;-1;-1;-1
191181;440;No;No;No;No;Partial;0;0;0;0;0;-1;-1;-1;-1;-1;-1;-1;-1;-1;-1;0;0;0;0;-1;-1;-1;-1;-1;-1;-1;-1;-1;-1
187432;178;No;No;No;No;Partial;0;0;0;0;0;-1;-1;-1;-1;-1;-1;-1;-1;-1;-1;0;0;0;0;-1;-1;-1;-1;-1;-1;-1;-1;-1;-1
191204;442;No;No;No;No;Partial;0;0;0;0;0;-1;-1;-1;-1;-1;-1;-1;-1;-1;-1;0;0;0;0;-1;-1;-1;-1;-1;-1;-1;-1;-1;-1
-1;178;No;No;No;No;Partial;0;0;0;0;0;-1;-1;-1;-1;-1;-1;-1;-1;-1;-1;0;0;0;0;-1;-1;-1;-1;-1;-1;-1;-1;-1;-1
-1;225;No;No;No;No;None;0;0;0;0;0;-1;-1;-1;-1;-1;-1;-1;-1;-1;-1;0;0;0;0;-1;-1;-1;-1;-1;-1;-1;-1;-1;-1
-1;185;No;No;No;No;Partial;0;0;0;0;0;-1;-1;-1;-1;-1;-1;-1;-1;-1;-1;0;0;0;0;-1;-1;-1;-1;-1;-1;-1;-1;-1;-1
-1;421;No;No;No;No;Partial;0;0;0;0;0;-1;-1;-1;-1;-1;-1;-1;-1;-1;-1;0;0;0;0;-1;-1;-1;-1;-1;-1;-1;-1;-1;-1
-1;426;No;No;No;No;Partial;0;0;0;0;0;-1;-1;-1;-1;-1;-1;-1;-1;-1;-1;0;0;0;0;-1;-1;-1;-1;-1;-1;-1;-1;-1;-1
-1;425;No;No;No;No;Partial;0;0;0;0;0;-1;-1;-1;-1;-1;-1;-1;-1;-1;-1;0;0;0;0;-1;-1;-1;-1;-1;-1;-1;-1;-1;-1
-1;411;No;No;No;No;Partial;0;0;0;0;0;-1;-1;-1;-1;-1;-1;-1;-1;-1;-1;0;0;0;0;-1;-1;-1;-1;-1;-1;-1;-1;-1;-1
-1;194;No;No;No;No;Partial;0;0;0;0;0;-1;-1;-1;-1;-1;-1;-1;-1;-1;-1;0;0;0;0;-1;-1;-1;-1;-1;-1;-1;-1;-1;-1
-1;430;No;No;No;No;Full;0;0;0;0;0;-1;-1;-1;-1;-1;-1;-1;-1;-1;-1;0;0;0;0;-1;-1;-1;-1;-1;-1;-1;-1;-1;-1
-1;1505;No;No;No;No;None;0;0;0;0;0;-1;-1;-1;-1;-1;-1;-1;-1;-1;-1;0;0;0;0;-1;-1;-1;-1;-1;-1;-1;-1;-1;-1
-1;229;No;No;No;No;Partial;0;0;0;0;0;-1;-1;-1;-1;-1;-1;-1;-1;-1;-1;0;0;0;0;-1;-1;-1;-1;-1;-1;-1;-1;-1;-1
-1;418;No;No;No;No;Full;0;0;0;0;0;-1;-1;-1;-1;-1;-1;-1;-1;-1;-1;0;0;0;0;-1;-1;-1;-1;-1;-1;-1;-1;-1;-1
-1;427;No;No;No;No;Full;0;0;0;0;0;-1;-1;-1;-1;-1;-1;-1;-1;-1;-1;0;0;0;0;-1;-1;-1;-1;-1;-1;-1;-1;-1;-1
191232;425;No;No;No;No;Partial;0;0;0;0;0;-1;-1;-1;-1;-1;-1;-1;-1;-1;-1;0;0;0;0;-1;-1;-1;-1;-1;-1;-1;-1;-1;-1
191238;420;No;No;No;No;Partial;0;0;0;0;0;-1;-1;-1;-1;-1;-1;-1;-1;-1;-1;0;0;0;0;-1;-1;-1;-1;-1;-1;-1;-1;-1;-1
191247;443;No;No;No;No;Full;0;0;0;0;0;-1;-1;-1;-1;-1;-1;-1;-1;-1;-1;0;0;0;0;-1;-1;-1;-1;-1;-1;-1;-1;-1;-1
191272;412;No;No;No;No;Full;0;0;0;0;0;-1;-1;-1;-1;-1;-1;-1;-1;-1;-1;0;0;0;0;-1;-1;-1;-1;-1;-1;-1;-1;-1;-1
191274;444;No;No;No;No;Partial;0;0;0;0;0;-1;-1;-1;-1;-1;-1;-1;-1;-1;-1;0;0;0;0;-1;-1;-1;-1;-1;-1;-1;-1;-1;-1
191289;415;No;No;No;No;Partial;0;0;0;0;0;-1;-1;-1;-1;-1;-1;-1;-1;-1;-1;0;0;0;0;-1;-1;-1;-1;-1;-1;-1;-1;-1;-1
191306;414;No;No;No;No;Partial;0;0;0;0;0;-1;-1;-1;-1;-1;-1;-1;-1;-1;-1;0;0;0;0;-1;-1;-1;-1;-1;-1;-1;-1;-1;-1
191313;449;No;No;No;No;Full;0;0;0;0;0;-1;-1;-1;-1;-1;-1;-1;-1;-1;-1;0;0;0;0;-1;-1;-1;-1;-1;-1;-1;-1;-1;-1
191338;421;No;No;No;No;Partial;0;0;0;0;0;-1;-1;-1;-1;-1;-1;-1;-1;-1;-1;0;0;0;0;-1;-1;-1;-1;-1;-1;-1;-1;-1;-1
191359;418;No;No;No;No;Full;0;0;0;0;0;-1;-1;-1;-1;-1;-1;-1;-1;-1;-1;0;0;0;0;-1;-1;-1;-1;-1;-1;-1;-1;-1;-1
191364;439;No;No;No;No;Partial;0;0;0;0;0;-1;-1;-1;-1;-1;-1;-1;-1;-1;-1;0;0;0;0;-1;-1;-1;-1;-1;-1;-1;-1;-1;-1
191369;433;No;No;No;No;Full;0;0;0;0;0;-1;-1;-1;-1;-1;-1;-1;-1;-1;-1;0;0;0;0;-1;-1;-1;-1;-1;-1;-1;-1;-1;-1
191395;442;No;No;No;No;Partial;0;0;0;0;0;-1;-1;-1;-1;-1;-1;-1;-1;-1;-1;0;0;0;0;-1;-1;-1;-1;-1;-1;-1;-1;-1;-1
191406;423;No;No;No;No;Partial;0;0;0;0;0;-1;-1;-1;-1;-1;-1;-1;-1;-1;-1;0;0;0;0;-1;-1;-1;-1;-1;-1;-1;-1;-1;-1
191419;427;No;No;No;No;Partial;0;0;0;0;0;-1;-1;-1;-1;-1;-1;-1;-1;-1;-1;0;0;0;0;-1;-1;-1;-1;-1;-1;-1;-1;-1;-1
191436;432;No;No;No;No;Partial;0;0;0;0;0;-1;-1;-1;-1;-1;-1;-1;-1;-1;-1;0;0;0;0;-1;-1;-1;-1;-1;-1;-1;-1;-1;-1
191437;435;No;No;No;No;Partial;0;0;0;0;0;-1;-1;-1;-1;-1;-1;-1;-1;-1;-1;0;0;0;0;-1;-1;-1;-1;-1;-1;-1;-1;-1;-1
191440;411;No;No;No;No;Full;0;0;0;0;0;-1;-1;-1;-1;-1;-1;-1;-1;-1;-1;0;0;0;0;-1;-1;-1;-1;-1;-1;-1;-1;-1;-1
191540;210;No;No;No;No;None;0;0;0;0;0;-1;-1;-1;-1;-1;-1;-1;-1;-1;-1;0;0;0;0;-1;-1;-1;-1;-1;-1;-1;-1;-1;-1
191548;216;No;No;No;No;Partial;0;0;0;0;0;-1;-1;-1;-1;-1;-1;-1;-1;-1;-1;0;0;0;0;-1;-1;-1;-1;-1;-1;-1;-1;-1;-1
191590;425;No;No;No;No;Partial;0;0;0;0;0;-1;-1;-1;-1;-1;-1;-1;-1;-1;-1;0;0;0;0;-1;-1;-1;-1;-1;-1;-1;-1;-1;-1
191699;439;No;No;No;No;Full;0;0;0;0;0;-1;-1;-1;-1;-1;-1;-1;-1;-1;-1;0;0;0;0;-1;-1;-1;-1;-1;-1;-1;-1;-1;-1
197121;224;No;No;No;No;None;0;0;0;0;0;-1;-1;-1;-1;-1;-1;-1;-1;-1;-1;0;0;0;0;-1;-1;-1;-1;-1;-1;-1;-1;-1;-1
191721;419;No;No;No;No;Partial;0;0;0;0;0;-1;-1;-1;-1;-1;-1;-1;-1;-1;-1;0;0;0;0;-1;-1;-1;-1;-1;-1;-1;-1;-1;-1
191736;427;No;No;No;No;Partial;0;0;0;0;0;-1;-1;-1;-1;-1;-1;-1;-1;-1;-1;0;0;0;0;-1;-1;-1;-1;-1;-1;-1;-1;-1;-1
191760;428;No;No;No;No;Partial;0;0;0;0;0;-1;-1;-1;-1;-1;-1;-1;-1;-1;-1;0;0;0;0;-1;-1;-1;-1;-1;-1;-1;-1;-1;-1
191776;435;No;No;No;No;Full;0;0;0;0;0;-1;-1;-1;-1;-1;-1;-1;-1;-1;-1;0;0;0;0;-1;-1;-1;-1;-1;-1;-1;-1;-1;-1
191778;431;No;No;No;No;Full;0;0;0;0;0;-1;-1;-1;-1;-1;-1;-1;-1;-1;-1;0;0;0;0;-1;-1;-1;-1;-1;-1;-1;-1;-1;-1
191817;423;No;No;No;No;Partial;0;0;0;0;0;-1;-1;-1;-1;-1;-1;-1;-1;-1;-1;0;0;0;0;-1;-1;-1;-1;-1;-1;-1;-1;-1;-1
191833;411;No;No;No;No;Partial;0;0;0;0;0;-1;-1;-1;-1;-1;-1;-1;-1;-1;-1;0;0;0;0;-1;-1;-1;-1;-1;-1;-1;-1;-1;-1
191834;430;No;No;No;No;Partial;0;0;0;0;0;-1;-1;-1;-1;-1;-1;-1;-1;-1;-1;0;0;0;0;-1;-1;-1;-1;-1;-1;-1;-1;-1;-1
191842;427;No;No;No;No;Partial;0;0;0;0;0;-1;-1;-1;-1;-1;-1;-1;-1;-1;-1;0;0;0;0;-1;-1;-1;-1;-1;-1;-1;-1;-1;-1
191847;429;No;No;No;No;Full;0;0;0;0;0;-1;-1;-1;-1;-1;-1;-1;-1;-1;-1;0;0;0;0;-1;-1;-1;-1;-1;-1;-1;-1;-1;-1
191857;411;No;No;No;No;Partial;0;0;0;0;0;-1;-1;-1;-1;-1;-1;-1;-1;-1;-1;0;0;0;0;-1;-1;-1;-1;-1;-1;-1;-1;-1;-1
191859;412;No;No;No;No;Partial;0;0;0;0;0;-1;-1;-1;-1;-1;-1;-1;-1;-1;-1;0;0;0;0;-1;-1;-1;-1;-1;-1;-1;-1;-1;-1
191861;436;No;No;No;No;Partial;0;0;0;0;0;-1;-1;-1;-1;-1;-1;-1;-1;-1;-1;0;0;0;0;-1;-1;-1;-1;-1;-1;-1;-1;-1;-1
191867;432;No;No;No;No;Partial;0;0;0;0;0;-1;-1;-1;-1;-1;-1;-1;-1;-1;-1;0;0;0;0;-1;-1;-1;-1;-1;-1;-1;-1;-1;-1
192500;224;No;No;No;No;Full;0;0;0;0;0;-1;-1;-1;-1;-1;-1;-1;-1;-1;-1;0;0;0;0;-1;-1;-1;-1;-1;-1;-1;-1;-1;-1
-1;1825;No;No;No;No;-;30000;30000;-1;-1;-1;-1;-1;-1;-1;-1;-1;-1;-1;-1;-1;30000;-1;-1;-1;-1;-1;-1;-1;-1;-1;-1;-1;-1;-1
-1;1813;No;No;No;No;-;58000;58000;58000;-1;-1;-1;-1;-1;-1;-1;-1;-1;-1;-1;-1;7540;7540;-1;-1;-1;-1;-1;-1;-1;-1;-1;-1;-1;-1
-1;179;No;No;No;No;Partial;0;0;0;0;0;-1;-1;-1;-1;-1;-1;-1;-1;-1;-1;0;0;0;0;-1;-1;-1;-1;-1;-1;-1;-1;-1;-1
-1;178;No;No;No;No;Full;0;0;0;0;0;-1;-1;-1;-1;-1;-1;-1;-1;-1;-1;0;0;0;0;-1;-1;-1;-1;-1;-1;-1;-1;-1;-1
-1;229;No;No;No;No;Full;0;0;0;0;0;-1;-1;-1;-1;-1;-1;-1;-1;-1;-1;0;0;0;0;-1;-1;-1;-1;-1;-1;-1;-1;-1;-1
-1;188;No;No;No;No;Partial;0;0;0;0;0;-1;-1;-1;-1;-1;-1;-1;-1;-1;-1;0;0;0;0;-1;-1;-1;-1;-1;-1;-1;-1;-1;-1
-1;4864;No;No;No;No;Partial;0;0;0;0;0;-1;-1;-1;-1;-1;-1;-1;-1;-1;-1;0;0;0;0;-1;-1;-1;-1;-1;-1;-1;-1;-1;-1
-1;185;No;No;No;No;Partial;0;0;0;0;0;-1;-1;-1;-1;-1;-1;-1;-1;-1;-1;0;0;0;0;-1;-1;-1;-1;-1;-1;-1;-1;-1;-1
-1;196;No;No;No;No;None;0;0;0;0;0;-1;-1;-1;-1;-1;-1;-1;-1;-1;-1;0;0;0;0;-1;-1;-1;-1;-1;-1;-1;-1;-1;-1
-1;228;No;No;No;No;Partial;0;0;0;0;0;-1;-1;-1;-1;-1;-1;-1;-1;-1;-1;0;0;0;0;-1;-1;-1;-1;-1;-1;-1;-1;-1;-1
-1;189;No;No;No;No;None;0;0;0;0;0;-1;-1;-1;-1;-1;-1;-1;-1;-1;-1;0;0;0;0;-1;-1;-1;-1;-1;-1;-1;-1;-1;-1
-1;1505;No;No;No;No;None;0;0;0;0;0;-1;-1;-1;-1;-1;-1;-1;-1;-1;-1;0;0;0;0;-1;-1;-1;-1;-1;-1;-1;-1;-1;-1
-1;228;No;No;No;No;Partial;0;0;0;0;0;-1;-1;-1;-1;-1;-1;-1;-1;-1;-1;0;0;0;0;-1;-1;-1;-1;-1;-1;-1;-1;-1;-1
-1;192;No;No;No;No;None;0;0;0;0;0;-1;-1;-1;-1;-1;-1;-1;-1;-1;-1;0;0;0;0;-1;-1;-1;-1;-1;-1;-1;-1;-1;-1
-1;1371;No;No;No;No;Partial;0;0;0;0;0;-1;-1;-1;-1;-1;-1;-1;-1;-1;-1;0;0;0;0;-1;-1;-1;-1;-1;-1;-1;-1;-1;-1
-1;201;No;No;No;No;Full;0;0;0;0;0;-1;-1;-1;-1;-1;-1;-1;-1;-1;-1;0;0;0;0;-1;-1;-1;-1;-1;-1;-1;-1;-1;-1
-1;190;No;No;No;No;None;0;0;0;0;0;-1;-1;-1;-1;-1;-1;-1;-1;-1;-1;0;0;0;0;-1;-1;-1;-1;-1;-1;-1;-1;-1;-1
-1;205;No;No;No;No;Partial;0;0;0;0;0;-1;-1;-1;-1;-1;-1;-1;-1;-1;-1;0;0;0;0;-1;-1;-1;-1;-1;-1;-1;-1;-1;-1
-1;187;No;No;No;No;None;0;0;0;0;0;-1;-1;-1;-1;-1;-1;-1;-1;-1;-1;0;0;0;0;-1;-1;-1;-1;-1;-1;-1;-1;-1;-1
-1;217;No;No;No;No;None;0;0;0;0;0;-1;-1;-1;-1;-1;-1;-1;-1;-1;-1;0;0;0;0;-1;-1;-1;-1;-1;-1;-1;-1;-1;-1
-1;199;No;No;No;No;Partial;0;0;0;0;0;-1;-1;-1;-1;-1;-1;-1;-1;-1;-1;0;0;0;0;-1;-1;-1;-1;-1;-1;-1;-1;-1;-1
-1;208;No;No;No;No;Full;0;0;0;0;0;-1;-1;-1;-1;-1;-1;-1;-1;-1;-1;0;0;0;0;-1;-1;-1;-1;-1;-1;-1;-1;-1;-1
-1;201;No;No;No;No;None;0;0;0;0;0;-1;-1;-1;-1;-1;-1;-1;-1;-1;-1;0;0;0;0;-1;-1;-1;-1;-1;-1;-1;-1;-1;-1
-1;194;No;No;No;No;None;0;0;0;0;0;-1;-1;-1;-1;-1;-1;-1;-1;-1;-1;0;0;0;0;-1;-1;-1;-1;-1;-1;-1;-1;-1;-1
-1;177;No;No;No;No;Partial;0;0;0;0;0;-1;-1;-1;-1;-1;-1;-1;-1;-1;-1;0;0;0;0;-1;-1;-1;-1;-1;-1;-1;-1;-1;-1
-1;4959;No;No;No;No;Partial;0;0;0;0;0;-1;-1;-1;-1;-1;-1;-1;-1;-1;-1;0;0;0;0;-1;-1;-1;-1;-1;-1;-1;-1;-1;-1
202784;213;No;No;No;No;Full;0;0;0;0;0;-1;-1;-1;-1;-1;-1;-1;-1;-1;-1;0;0;0;0;-1;-1;-1;-1;-1;-1;-1;-1;-1;-1
202798;205;No;No;No;No;Partial;0;0;0;0;0;-1;-1;-1;-1;-1;-1;-1;-1;-1;-1;0;0;0;0;-1;-1;-1;-1;-1;-1;-1;-1;-1;-1
202799;217;No;No;No;No;None;0;0;0;0;0;-1;-1;-1;-1;-1;-1;-1;-1;-1;-1;0;0;0;0;-1;-1;-1;-1;-1;-1;-1;-1;-1;-1
-1;216;No;No;No;No;Partial;0;0;0;0;0;-1;-1;-1;-1;-1;-1;-1;-1;-1;-1;0;0;0;0;-1;-1;-1;-1;-1;-1;-1;-1;-1;-1
-1;215;No;No;No;No;Partial;0;0;0;0;0;-1;-1;-1;-1;-1;-1;-1;-1;-1;-1;0;0;0;0;-1;-1;-1;-1;-1;-1;-1;-1;-1;-1
202810;178;No;No;No;No;Partial;0;0;0;0;0;-1;-1;-1;-1;-1;-1;-1;-1;-1;-1;0;0;0;0;-1;-1;-1;-1;-1;-1;-1;-1;-1;-1
202816;194;No;No;No;No;Full;0;0;0;0;0;-1;-1;-1;-1;-1;-1;-1;-1;-1;-1;0;0;0;0;-1;-1;-1;-1;-1;-1;-1;-1;-1;-1
202817;229;No;No;No;No;Partial;0;0;0;0;0;-1;-1;-1;-1;-1;-1;-1;-1;-1;-1;0;0;0;0;-1;-1;-1;-1;-1;-1;-1;-1;-1;-1
202825;221;No;No;No;No;None;0;0;0;0;0;-1;-1;-1;-1;-1;-1;-1;-1;-1;-1;0;0;0;0;-1;-1;-1;-1;-1;-1;-1;-1;-1;-1
202826;190;No;No;No;No;None;0;0;0;0;0;-1;-1;-1;-1;-1;-1;-1;-1;-1;-1;0;0;0;0;-1;-1;-1;-1;-1;-1;-1;-1;-1;-1
202830;196;No;No;No;No;Full;0;0;0;0;0;-1;-1;-1;-1;-1;-1;-1;-1;-1;-1;0;0;0;0;-1;-1;-1;-1;-1;-1;-1;-1;-1;-1
197583;215;No;No;No;No;None;0;0;0;0;0;-1;-1;-1;-1;-1;-1;-1;-1;-1;-1;0;0;0;0;-1;-1;-1;-1;-1;-1;-1;-1;-1;-1
197592;221;No;No;No;No;None;0;0;0;0;0;-1;-1;-1;-1;-1;-1;-1;-1;-1;-1;0;0;0;0;-1;-1;-1;-1;-1;-1;-1;-1;-1;-1
197690;216;No;No;No;No;Partial;0;0;0;0;0;-1;-1;-1;-1;-1;-1;-1;-1;-1;-1;0;0;0;0;-1;-1;-1;-1;-1;-1;-1;-1;-1;-1
197715;215;No;No;No;No;None;0;0;0;0;0;-1;-1;-1;-1;-1;-1;-1;-1;-1;-1;0;0;0;0;-1;-1;-1;-1;-1;-1;-1;-1;-1;-1
197719;199;No;No;No;No;Partial;0;0;0;0;0;-1;-1;-1;-1;-1;-1;-1;-1;-1;-1;0;0;0;0;-1;-1;-1;-1;-1;-1;-1;-1;-1;-1
197723;204;No;No;No;No;Partial;0;0;0;0;0;-1;-1;-1;-1;-1;-1;-1;-1;-1;-1;0;0;0;0;-1;-1;-1;-1;-1;-1;-1;-1;-1;-1
197739;206;No;No;No;No;Partial;0;0;0;0;0;-1;-1;-1;-1;-1;-1;-1;-1;-1;-1;0;0;0;0;-1;-1;-1;-1;-1;-1;-1;-1;-1;-1
197740;199;No;No;No;No;Partial;0;0;0;0;0;-1;-1;-1;-1;-1;-1;-1;-1;-1;-1;0;0;0;0;-1;-1;-1;-1;-1;-1;-1;-1;-1;-1
197754;203;No;No;No;No;Partial;0;0;0;0;0;-1;-1;-1;-1;-1;-1;-1;-1;-1;-1;0;0;0;0;-1;-1;-1;-1;-1;-1;-1;-1;-1;-1
197760;203;No;No;No;No;None;0;0;0;0;0;-1;-1;-1;-1;-1;-1;-1;-1;-1;-1;0;0;0;0;-1;-1;-1;-1;-1;-1;-1;-1;-1;-1
197801;213;No;No;No;No;Partial;0;0;0;0;0;-1;-1;-1;-1;-1;-1;-1;-1;-1;-1;0;0;0;0;-1;-1;-1;-1;-1;-1;-1;-1;-1;-1
197826;220;No;No;No;No;None;0;0;0;0;0;-1;-1;-1;-1;-1;-1;-1;-1;-1;-1;0;0;0;0;-1;-1;-1;-1;-1;-1;-1;-1;-1;-1
197845;209;No;No;No;No;Partial;0;0;0;0;0;-1;-1;-1;-1;-1;-1;-1;-1;-1;-1;0;0;0;0;-1;-1;-1;-1;-1;-1;-1;-1;-1;-1
197861;221;No;No;No;No;None;0;0;0;0;0;-1;-1;-1;-1;-1;-1;-1;-1;-1;-1;0;0;0;0;-1;-1;-1;-1;-1;-1;-1;-1;-1;-1
197879;4959;No;No;No;No;None;0;0;0;0;0;-1;-1;-1;-1;-1;-1;-1;-1;-1;-1;0;0;0;0;-1;-1;-1;-1;-1;-1;-1;-1;-1;-1
-1;209;No;No;No;No;Full;0;0;0;0;0;-1;-1;-1;-1;-1;-1;-1;-1;-1;-1;0;0;0;0;-1;-1;-1;-1;-1;-1;-1;-1;-1;-1
-1;176;No;No;No;No;Partial;0;0;0;0;0;-1;-1;-1;-1;-1;-1;-1;-1;-1;-1;0;0;0;0;-1;-1;-1;-1;-1;-1;-1;-1;-1;-1
-1;194;No;No;No;No;Full;0;0;0;0;0;-1;-1;-1;-1;-1;-1;-1;-1;-1;-1;0;0;0;0;-1;-1;-1;-1;-1;-1;-1;-1;-1;-1
-1;4959;No;No;No;No;Partial;0;0;0;0;0;-1;-1;-1;-1;-1;-1;-1;-1;-1;-1;0;0;0;0;-1;-1;-1;-1;-1;-1;-1;-1;-1;-1
-1;201;No;No;No;No;Partial;0;0;0;0;0;-1;-1;-1;-1;-1;-1;-1;-1;-1;-1;0;0;0;0;-1;-1;-1;-1;-1;-1;-1;-1;-1;-1
-1;2620;No;No;No;No;Partial;0;0;0;0;0;-1;-1;-1;-1;-1;-1;-1;-1;-1;-1;0;0;0;0;-1;-1;-1;-1;-1;-1;-1;-1;-1;-1
-1;189;No;No;No;No;Full;0;0;0;0;0;-1;-1;-1;-1;-1;-1;-1;-1;-1;-1;0;0;0;0;-1;-1;-1;-1;-1;-1;-1;-1;-1;-1
-1;4864;No;No;No;No;Partial;0;0;0;0;0;-1;-1;-1;-1;-1;-1;-1;-1;-1;-1;0;0;0;0;-1;-1;-1;-1;-1;-1;-1;-1;-1;-1
-1;209;No;No;No;No;Partial;0;0;0;0;0;-1;-1;-1;-1;-1;-1;-1;-1;-1;-1;0;0;0;0;-1;-1;-1;-1;-1;-1;-1;-1;-1;-1
202907;4949;No;No;No;No;Partial;0;0;0;0;0;-1;-1;-1;-1;-1;-1;-1;-1;-1;-1;0;0;0;0;-1;-1;-1;-1;-1;-1;-1;-1;-1;-1
202908;215;No;No;No;No;Partial;0;0;0;0;0;-1;-1;-1;-1;-1;-1;-1;-1;-1;-1;0;0;0;0;-1;-1;-1;-1;-1;-1;-1;-1;-1;-1
-1;4960;No;No;No;No;Partial;0;0;0;0;0;-1;-1;-1;-1;-1;-1;-1;-1;-1;-1;0;0;0;0;-1;-1;-1;-1;-1;-1;-1;-1;-1;-1
202914;214;No;No;No;No;Partial;0;0;0;0;0;-1;-1;-1;-1;-1;-1;-1;-1;-1;-1;0;0;0;0;-1;-1;-1;-1;-1;-1;-1;-1;-1;-1
-1;187;No;No;No;No;None;0;0;0;0;0;-1;-1;-1;-1;-1;-1;-1;-1;-1;-1;0;0;0;0;-1;-1;-1;-1;-1;-1;-1;-1;-1;-1
202917;210;No;No;No;No;Partial;0;0;0;0;0;-1;-1;-1;-1;-1;-1;-1;-1;-1;-1;0;0;0;0;-1;-1;-1;-1;-1;-1;-1;-1;-1;-1
202918;177;No;No;No;No;None;0;0;0;0;0;-1;-1;-1;-1;-1;-1;-1;-1;-1;-1;0;0;0;0;-1;-1;-1;-1;-1;-1;-1;-1;-1;-1
-1;224;No;No;No;No;None;0;0;0;0;0;-1;-1;-1;-1;-1;-1;-1;-1;-1;-1;0;0;0;0;-1;-1;-1;-1;-1;-1;-1;-1;-1;-1
202927;214;No;No;No;No;Partial;0;0;0;0;0;-1;-1;-1;-1;-1;-1;-1;-1;-1;-1;0;0;0;0;-1;-1;-1;-1;-1;-1;-1;-1;-1;-1
202934;229;No;No;No;No;Partial;0;0;0;0;0;-1;-1;-1;-1;-1;-1;-1;-1;-1;-1;0;0;0;0;-1;-1;-1;-1;-1;-1;-1;-1;-1;-1
-1;212;No;No;No;No;Partial;0;0;0;0;0;-1;-1;-1;-1;-1;-1;-1;-1;-1;-1;0;0;0;0;-1;-1;-1;-1;-1;-1;-1;-1;-1;-1
-1;194;No;No;No;No;Partial;0;0;0;0;0;-1;-1;-1;-1;-1;-1;-1;-1;-1;-1;0;0;0;0;-1;-1;-1;-1;-1;-1;-1;-1;-1;-1
-1;226;No;No;No;No;Partial;0;0;0;0;0;-1;-1;-1;-1;-1;-1;-1;-1;-1;-1;0;0;0;0;-1;-1;-1;-1;-1;-1;-1;-1;-1;-1
-1;177;No;No;No;No;Partial;0;0;0;0;0;-1;-1;-1;-1;-1;-1;-1;-1;-1;-1;0;0;0;0;-1;-1;-1;-1;-1;-1;-1;-1;-1;-1
-1;204;No;No;No;No;Full;0;0;0;0;0;-1;-1;-1;-1;-1;-1;-1;-1;-1;-1;0;0;0;0;-1;-1;-1;-1;-1;-1;-1;-1;-1;-1
-1;203;No;No;No;No;Partial;0;0;0;0;0;-1;-1;-1;-1;-1;-1;-1;-1;-1;-1;0;0;0;0;-1;-1;-1;-1;-1;-1;-1;-1;-1;-1
-1;207;No;No;No;No;Partial;0;0;0;0;0;-1;-1;-1;-1;-1;-1;-1;-1;-1;-1;0;0;0;0;-1;-1;-1;-1;-1;-1;-1;-1;-1;-1
-1;206;No;No;No;No;Partial;0;0;0;0;0;-1;-1;-1;-1;-1;-1;-1;-1;-1;-1;0;0;0;0;-1;-1;-1;-1;-1;-1;-1;-1;-1;-1
-1;218;No;No;No;No;None;0;0;0;0;0;-1;-1;-1;-1;-1;-1;-1;-1;-1;-1;0;0;0;0;-1;-1;-1;-1;-1;-1;-1;-1;-1;-1
202940;4949;No;No;No;No;Partial;0;0;0;0;0;-1;-1;-1;-1;-1;-1;-1;-1;-1;-1;0;0;0;0;-1;-1;-1;-1;-1;-1;-1;-1;-1;-1
202941;4949;No;No;No;No;Partial;0;0;0;0;0;-1;-1;-1;-1;-1;-1;-1;-1;-1;-1;0;0;0;0;-1;-1;-1;-1;-1;-1;-1;-1;-1;-1
202943;215;No;No;No;No;Full;0;0;0;0;0;-1;-1;-1;-1;-1;-1;-1;-1;-1;-1;0;0;0;0;-1;-1;-1;-1;-1;-1;-1;-1;-1;-1
-1;209;No;No;No;No;Partial;0;0;0;0;0;-1;-1;-1;-1;-1;-1;-1;-1;-1;-1;0;0;0;0;-1;-1;-1;-1;-1;-1;-1;-1;-1;-1
202944;210;No;No;No;No;Partial;0;0;0;0;0;-1;-1;-1;-1;-1;-1;-1;-1;-1;-1;0;0;0;0;-1;-1;-1;-1;-1;-1;-1;-1;-1;-1
202946;215;No;No;No;No;Partial;0;0;0;0;0;-1;-1;-1;-1;-1;-1;-1;-1;-1;-1;0;0;0;0;-1;-1;-1;-1;-1;-1;-1;-1;-1;-1
-1;215;No;No;No;No;None;0;0;0;0;0;-1;-1;-1;-1;-1;-1;-1;-1;-1;-1;0;0;0;0;-1;-1;-1;-1;-1;-1;-1;-1;-1;-1
-1;219;No;No;No;No;None;0;0;0;0;0;-1;-1;-1;-1;-1;-1;-1;-1;-1;-1;0;0;0;0;-1;-1;-1;-1;-1;-1;-1;-1;-1;-1
-1;221;No;No;No;No;None;0;0;0;0;0;-1;-1;-1;-1;-1;-1;-1;-1;-1;-1;0;0;0;0;-1;-1;-1;-1;-1;-1;-1;-1;-1;-1
-1;201;No;No;No;No;Partial;0;0;0;0;0;-1;-1;-1;-1;-1;-1;-1;-1;-1;-1;0;0;0;0;-1;-1;-1;-1;-1;-1;-1;-1;-1;-1
-1;210;No;No;No;No;Partial;0;0;0;0;0;-1;-1;-1;-1;-1;-1;-1;-1;-1;-1;0;0;0;0;-1;-1;-1;-1;-1;-1;-1;-1;-1;-1
-1;216;No;No;No;No;Partial;0;0;0;0;0;-1;-1;-1;-1;-1;-1;-1;-1;-1;-1;0;0;0;0;-1;-1;-1;-1;-1;-1;-1;-1;-1;-1
-1;212;No;No;No;No;Partial;0;0;0;0;0;-1;-1;-1;-1;-1;-1;-1;-1;-1;-1;0;0;0;0;-1;-1;-1;-1;-1;-1;-1;-1;-1;-1
-1;228;No;No;No;No;None;0;0;0;0;0;-1;-1;-1;-1;-1;-1;-1;-1;-1;-1;0;0;0;0;-1;-1;-1;-1;-1;-1;-1;-1;-1;-1
-1;189;No;No;No;No;Partial;0;0;0;0;0;-1;-1;-1;-1;-1;-1;-1;-1;-1;-1;0;0;0;0;-1;-1;-1;-1;-1;-1;-1;-1;-1;-1
-1;196;No;No;No;No;Full;0;0;0;0;0;-1;-1;-1;-1;-1;-1;-1;-1;-1;-1;0;0;0;0;-1;-1;-1;-1;-1;-1;-1;-1;-1;-1
202950;210;No;No;No;No;Partial;0;0;0;0;0;-1;-1;-1;-1;-1;-1;-1;-1;-1;-1;0;0;0;0;-1;-1;-1;-1;-1;-1;-1;-1;-1;-1
-1;1371;No;No;No;No;Partial;0;0;0;0;0;-1;-1;-1;-1;-1;-1;-1;-1;-1;-1;0;0;0;0;-1;-1;-1;-1;-1;-1;-1;-1;-1;-1
-1;189;No;No;No;No;Partial;0;0;0;0;0;-1;-1;-1;-1;-1;-1;-1;-1;-1;-1;0;0;0;0;-1;-1;-1;-1;-1;-1;-1;-1;-1;-1
-1;196;No;No;No;No;None;0;0;0;0;0;-1;-1;-1;-1;-1;-1;-1;-1;-1;-1;0;0;0;0;-1;-1;-1;-1;-1;-1;-1;-1;-1;-1
-1;205;No;No;No;No;None;0;0;0;0;0;-1;-1;-1;-1;-1;-1;-1;-1;-1;-1;0;0;0;0;-1;-1;-1;-1;-1;-1;-1;-1;-1;-1
-1;1371;No;No;No;No;Partial;0;0;0;0;0;-1;-1;-1;-1;-1;-1;-1;-1;-1;-1;0;0;0;0;-1;-1;-1;-1;-1;-1;-1;-1;-1;-1
-1;220;No;No;No;No;None;0;0;0;0;0;-1;-1;-1;-1;-1;-1;-1;-1;-1;-1;0;0;0;0;-1;-1;-1;-1;-1;-1;-1;-1;-1;-1
-1;183;No;No;No;No;Full;0;0;0;0;0;-1;-1;-1;-1;-1;-1;-1;-1;-1;-1;0;0;0;0;-1;-1;-1;-1;-1;-1;-1;-1;-1;-1
-1;183;No;No;No;No;Partial;0;0;0;0;0;-1;-1;-1;-1;-1;-1;-1;-1;-1;-1;0;0;0;0;-1;-1;-1;-1;-1;-1;-1;-1;-1;-1
-1;213;No;No;No;No;Full;0;0;0;0;0;-1;-1;-1;-1;-1;-1;-1;-1;-1;-1;0;0;0;0;-1;-1;-1;-1;-1;-1;-1;-1;-1;-1
-1;213;No;No;No;No;None;0;0;0;0;0;-1;-1;-1;-1;-1;-1;-1;-1;-1;-1;0;0;0;0;-1;-1;-1;-1;-1;-1;-1;-1;-1;-1
-1;179;No;No;No;No;None;0;0;0;0;0;-1;-1;-1;-1;-1;-1;-1;-1;-1;-1;0;0;0;0;-1;-1;-1;-1;-1;-1;-1;-1;-1;-1
-1;178;No;No;No;No;Full;0;0;0;0;0;-1;-1;-1;-1;-1;-1;-1;-1;-1;-1;0;0;0;0;-1;-1;-1;-1;-1;-1;-1;-1;-1;-1
-1;228;No;No;No;No;Partial;0;0;0;0;0;-1;-1;-1;-1;-1;-1;-1;-1;-1;-1;0;0;0;0;-1;-1;-1;-1;-1;-1;-1;-1;-1;-1
-1;2620;No;No;No;No;None;0;0;0;0;0;-1;-1;-1;-1;-1;-1;-1;-1;-1;-1;0;0;0;0;-1;-1;-1;-1;-1;-1;-1;-1;-1;-1
-1;207;No;No;No;No;Full;0;0;0;0;0;-1;-1;-1;-1;-1;-1;-1;-1;-1;-1;0;0;0;0;-1;-1;-1;-1;-1;-1;-1;-1;-1;-1
-1;205;No;No;No;No;Full;0;0;0;0;0;-1;-1;-1;-1;-1;-1;-1;-1;-1;-1;0;0;0;0;-1;-1;-1;-1;-1;-1;-1;-1;-1;-1
-1;228;No;No;No;No;Partial;0;0;0;0;0;-1;-1;-1;-1;-1;-1;-1;-1;-1;-1;0;0;0;0;-1;-1;-1;-1;-1;-1;-1;-1;-1;-1
-1;185;No;No;No;No;Partial;0;0;0;0;0;-1;-1;-1;-1;-1;-1;-1;-1;-1;-1;0;0;0;0;-1;-1;-1;-1;-1;-1;-1;-1;-1;-1
-1;201;No;No;No;No;Partial;0;0;0;0;0;-1;-1;-1;-1;-1;-1;-1;-1;-1;-1;0;0;0;0;-1;-1;-1;-1;-1;-1;-1;-1;-1;-1
-1;441;No;No;No;No;None;0;0;0;0;0;-1;-1;-1;-1;-1;-1;-1;-1;-1;-1;0;0;0;0;-1;-1;-1;-1;-1;-1;-1;-1;-1;-1
202954;4949;No;No;No;No;Partial;0;0;0;0;0;-1;-1;-1;-1;-1;-1;-1;-1;-1;-1;0;0;0;0;-1;-1;-1;-1;-1;-1;-1;-1;-1;-1
-1;210;No;No;No;No;Partial;0;0;0;0;0;-1;-1;-1;-1;-1;-1;-1;-1;-1;-1;0;0;0;0;-1;-1;-1;-1;-1;-1;-1;-1;-1;-1
-1;210;No;No;No;No;Partial;0;0;0;0;0;-1;-1;-1;-1;-1;-1;-1;-1;-1;-1;0;0;0;0;-1;-1;-1;-1;-1;-1;-1;-1;-1;-1
-1;219;No;No;No;No;Partial;0;0;0;0;0;-1;-1;-1;-1;-1;-1;-1;-1;-1;-1;0;0;0;0;-1;-1;-1;-1;-1;-1;-1;-1;-1;-1
202958;224;No;No;No;No;Full;0;0;0;0;0;-1;-1;-1;-1;-1;-1;-1;-1;-1;-1;0;0;0;0;-1;-1;-1;-1;-1;-1;-1;-1;-1;-1
-1;187;No;No;No;No;None;0;0;0;0;0;-1;-1;-1;-1;-1;-1;-1;-1;-1;-1;0;0;0;0;-1;-1;-1;-1;-1;-1;-1;-1;-1;-1
202962;206;No;No;No;No;Partial;0;0;0;0;0;-1;-1;-1;-1;-1;-1;-1;-1;-1;-1;0;0;0;0;-1;-1;-1;-1;-1;-1;-1;-1;-1;-1
202967;216;No;No;No;No;None;0;0;0;0;0;-1;-1;-1;-1;-1;-1;-1;-1;-1;-1;0;0;0;0;-1;-1;-1;-1;-1;-1;-1;-1;-1;-1
202968;200;No;No;No;No;Full;0;0;0;0;0;-1;-1;-1;-1;-1;-1;-1;-1;-1;-1;0;0;0;0;-1;-1;-1;-1;-1;-1;-1;-1;-1;-1
202970;206;No;No;No;No;Full;0;0;0;0;0;-1;-1;-1;-1;-1;-1;-1;-1;-1;-1;0;0;0;0;-1;-1;-1;-1;-1;-1;-1;-1;-1;-1
202980;199;No;No;No;No;Partial;0;0;0;0;0;-1;-1;-1;-1;-1;-1;-1;-1;-1;-1;0;0;0;0;-1;-1;-1;-1;-1;-1;-1;-1;-1;-1
202988;204;No;No;No;No;Partial;0;0;0;0;0;-1;-1;-1;-1;-1;-1;-1;-1;-1;-1;0;0;0;0;-1;-1;-1;-1;-1;-1;-1;-1;-1;-1
202996;224;No;No;No;No;Partial;0;0;0;0;0;-1;-1;-1;-1;-1;-1;-1;-1;-1;-1;0;0;0;0;-1;-1;-1;-1;-1;-1;-1;-1;-1;-1
202998;206;No;No;No;No;Full;0;0;0;0;0;-1;-1;-1;-1;-1;-1;-1;-1;-1;-1;0;0;0;0;-1;-1;-1;-1;-1;-1;-1;-1;-1;-1
203000;184;No;No;No;No;Partial;0;0;0;0;0;-1;-1;-1;-1;-1;-1;-1;-1;-1;-1;0;0;0;0;-1;-1;-1;-1;-1;-1;-1;-1;-1;-1
203004;224;No;No;No;No;None;0;0;0;0;0;-1;-1;-1;-1;-1;-1;-1;-1;-1;-1;0;0;0;0;-1;-1;-1;-1;-1;-1;-1;-1;-1;-1
203005;205;No;No;No;No;Partial;0;0;0;0;0;-1;-1;-1;-1;-1;-1;-1;-1;-1;-1;0;0;0;0;-1;-1;-1;-1;-1;-1;-1;-1;-1;-1
203006;2620;No;No;No;No;Partial;0;0;0;0;0;-1;-1;-1;-1;-1;-1;-1;-1;-1;-1;0;0;0;0;-1;-1;-1;-1;-1;-1;-1;-1;-1;-1
203008;213;No;No;No;No;Full;0;0;0;0;0;-1;-1;-1;-1;-1;-1;-1;-1;-1;-1;0;0;0;0;-1;-1;-1;-1;-1;-1;-1;-1;-1;-1
203009;182;No;No;No;No;Partial;0;0;0;0;0;-1;-1;-1;-1;-1;-1;-1;-1;-1;-1;0;0;0;0;-1;-1;-1;-1;-1;-1;-1;-1;-1;-1
203011;179;No;No;No;No;Partial;0;0;0;0;0;-1;-1;-1;-1;-1;-1;-1;-1;-1;-1;0;0;0;0;-1;-1;-1;-1;-1;-1;-1;-1;-1;-1
203012;217;No;No;No;No;None;0;0;0;0;0;-1;-1;-1;-1;-1;-1;-1;-1;-1;-1;0;0;0;0;-1;-1;-1;-1;-1;-1;-1;-1;-1;-1
203015;221;No;No;No;No;None;0;0;0;0;0;-1;-1;-1;-1;-1;-1;-1;-1;-1;-1;0;0;0;0;-1;-1;-1;-1;-1;-1;-1;-1;-1;-1
203016;186;No;No;No;No;Partial;0;0;0;0;0;-1;-1;-1;-1;-1;-1;-1;-1;-1;-1;0;0;0;0;-1;-1;-1;-1;-1;-1;-1;-1;-1;-1
203017;179;No;No;No;No;Full;0;0;0;0;0;-1;-1;-1;-1;-1;-1;-1;-1;-1;-1;0;0;0;0;-1;-1;-1;-1;-1;-1;-1;-1;-1;-1
203020;196;No;No;No;No;Full;0;0;0;0;0;-1;-1;-1;-1;-1;-1;-1;-1;-1;-1;0;0;0;0;-1;-1;-1;-1;-1;-1;-1;-1;-1;-1
203028;182;No;No;No;No;Partial;0;0;0;0;0;-1;-1;-1;-1;-1;-1;-1;-1;-1;-1;0;0;0;0;-1;-1;-1;-1;-1;-1;-1;-1;-1;-1
203029;213;No;No;No;No;Full;0;0;0;0;0;-1;-1;-1;-1;-1;-1;-1;-1;-1;-1;0;0;0;0;-1;-1;-1;-1;-1;-1;-1;-1;-1;-1
203030;185;No;No;No;No;None;0;0;0;0;0;-1;-1;-1;-1;-1;-1;-1;-1;-1;-1;0;0;0;0;-1;-1;-1;-1;-1;-1;-1;-1;-1;-1
203032;179;No;No;No;No;None;0;0;0;0;0;-1;-1;-1;-1;-1;-1;-1;-1;-1;-1;0;0;0;0;-1;-1;-1;-1;-1;-1;-1;-1;-1;-1
203034;178;No;No;No;No;Full;0;0;0;0;0;-1;-1;-1;-1;-1;-1;-1;-1;-1;-1;0;0;0;0;-1;-1;-1;-1;-1;-1;-1;-1;-1;-1
203036;2620;No;No;No;No;None;0;0;0;0;0;-1;-1;-1;-1;-1;-1;-1;-1;-1;-1;0;0;0;0;-1;-1;-1;-1;-1;-1;-1;-1;-1;-1
203044;178;No;No;No;No;None;0;0;0;0;0;-1;-1;-1;-1;-1;-1;-1;-1;-1;-1;0;0;0;0;-1;-1;-1;-1;-1;-1;-1;-1;-1;-1
203051;178;No;No;No;No;None;0;0;0;0;0;-1;-1;-1;-1;-1;-1;-1;-1;-1;-1;0;0;0;0;-1;-1;-1;-1;-1;-1;-1;-1;-1;-1
203058;221;No;No;No;No;None;0;0;0;0;0;-1;-1;-1;-1;-1;-1;-1;-1;-1;-1;0;0;0;0;-1;-1;-1;-1;-1;-1;-1;-1;-1;-1
203062;209;No;No;No;No;Partial;0;0;0;0;0;-1;-1;-1;-1;-1;-1;-1;-1;-1;-1;0;0;0;0;-1;-1;-1;-1;-1;-1;-1;-1;-1;-1
203063;209;No;No;No;No;None;0;0;0;0;0;-1;-1;-1;-1;-1;-1;-1;-1;-1;-1;0;0;0;0;-1;-1;-1;-1;-1;-1;-1;-1;-1;-1
203064;176;No;No;No;No;None;0;0;0;0;0;-1;-1;-1;-1;-1;-1;-1;-1;-1;-1;0;0;0;0;-1;-1;-1;-1;-1;-1;-1;-1;-1;-1
203065;209;No;No;No;No;Full;0;0;0;0;0;-1;-1;-1;-1;-1;-1;-1;-1;-1;-1;0;0;0;0;-1;-1;-1;-1;-1;-1;-1;-1;-1;-1
203066;226;No;No;No;No;Partial;0;0;0;0;0;-1;-1;-1;-1;-1;-1;-1;-1;-1;-1;0;0;0;0;-1;-1;-1;-1;-1;-1;-1;-1;-1;-1
203071;204;No;No;No;No;Partial;0;0;0;0;0;-1;-1;-1;-1;-1;-1;-1;-1;-1;-1;0;0;0;0;-1;-1;-1;-1;-1;-1;-1;-1;-1;-1
203072;207;No;No;No;No;Partial;0;0;0;0;0;-1;-1;-1;-1;-1;-1;-1;-1;-1;-1;0;0;0;0;-1;-1;-1;-1;-1;-1;-1;-1;-1;-1
203078;226;No;No;No;No;Partial;0;0;0;0;0;-1;-1;-1;-1;-1;-1;-1;-1;-1;-1;0;0;0;0;-1;-1;-1;-1;-1;-1;-1;-1;-1;-1
203087;185;No;No;No;No;None;0;0;0;0;0;-1;-1;-1;-1;-1;-1;-1;-1;-1;-1;0;0;0;0;-1;-1;-1;-1;-1;-1;-1;-1;-1;-1
203088;189;No;No;No;No;Partial;0;0;0;0;0;-1;-1;-1;-1;-1;-1;-1;-1;-1;-1;0;0;0;0;-1;-1;-1;-1;-1;-1;-1;-1;-1;-1
203092;232;No;No;No;No;Partial;0;0;0;0;0;-1;-1;-1;-1;-1;-1;-1;-1;-1;-1;0;0;0;0;-1;-1;-1;-1;-1;-1;-1;-1;-1;-1
203094;209;No;No;No;No;Partial;0;0;0;0;0;-1;-1;-1;-1;-1;-1;-1;-1;-1;-1;0;0;0;0;-1;-1;-1;-1;-1;-1;-1;-1;-1;-1
203097;4864;No;No;No;No;Partial;0;0;0;0;0;-1;-1;-1;-1;-1;-1;-1;-1;-1;-1;0;0;0;0;-1;-1;-1;-1;-1;-1;-1;-1;-1;-1
203099;176;No;No;No;No;Partial;0;0;0;0;0;-1;-1;-1;-1;-1;-1;-1;-1;-1;-1;0;0;0;0;-1;-1;-1;-1;-1;-1;-1;-1;-1;-1
203102;215;No;No;No;No;Full;0;0;0;0;0;-1;-1;-1;-1;-1;-1;-1;-1;-1;-1;0;0;0;0;-1;-1;-1;-1;-1;-1;-1;-1;-1;-1
203116;220;No;No;No;No;Partial;0;0;0;0;0;-1;-1;-1;-1;-1;-1;-1;-1;-1;-1;0;0;0;0;-1;-1;-1;-1;-1;-1;-1;-1;-1;-1
203117;211;No;No;No;No;Full;0;0;0;0;0;-1;-1;-1;-1;-1;-1;-1;-1;-1;-1;0;0;0;0;-1;-1;-1;-1;-1;-1;-1;-1;-1;-1
203119;220;No;No;No;No;Partial;0;0;0;0;0;-1;-1;-1;-1;-1;-1;-1;-1;-1;-1;0;0;0;0;-1;-1;-1;-1;-1;-1;-1;-1;-1;-1
203138;194;No;No;No;No;Partial;0;0;0;0;0;-1;-1;-1;-1;-1;-1;-1;-1;-1;-1;0;0;0;0;-1;-1;-1;-1;-1;-1;-1;-1;-1;-1
203143;202;No;No;No;No;Partial;0;0;0;0;0;-1;-1;-1;-1;-1;-1;-1;-1;-1;-1;0;0;0;0;-1;-1;-1;-1;-1;-1;-1;-1;-1;-1
203145;220;No;No;No;No;Partial;0;0;0;0;0;-1;-1;-1;-1;-1;-1;-1;-1;-1;-1;0;0;0;0;-1;-1;-1;-1;-1;-1;-1;-1;-1;-1
203146;208;No;No;No;No;Partial;0;0;0;0;0;-1;-1;-1;-1;-1;-1;-1;-1;-1;-1;0;0;0;0;-1;-1;-1;-1;-1;-1;-1;-1;-1;-1
203153;220;No;No;No;No;Partial;0;0;0;0;0;-1;-1;-1;-1;-1;-1;-1;-1;-1;-1;0;0;0;0;-1;-1;-1;-1;-1;-1;-1;-1;-1;-1
-1;217;No;No;No;No;Full;0;0;0;0;0;-1;-1;-1;-1;-1;-1;-1;-1;-1;-1;0;0;0;0;-1;-1;-1;-1;-1;-1;-1;-1;-1;-1
-1;425;No;No;No;No;None;0;0;0;0;0;-1;-1;-1;-1;-1;-1;-1;-1;-1;-1;0;0;0;0;-1;-1;-1;-1;-1;-1;-1;-1;-1;-1
-1;4849;No;No;No;No;None;0;0;0;0;0;-1;-1;-1;-1;-1;-1;-1;-1;-1;-1;0;0;0;0;-1;-1;-1;-1;-1;-1;-1;-1;-1;-1
-1;419;No;No;No;No;None;0;0;0;0;0;-1;-1;-1;-1;-1;-1;-1;-1;-1;-1;0;0;0;0;-1;-1;-1;-1;-1;-1;-1;-1;-1;-1
50128;1423;No;No;No;No;-;69000;69000;-1;-1;-1;-1;-1;-1;-1;-1;-1;-1;-1;-1;-1;69000;-1;-1;-1;-1;-1;-1;-1;-1;-1;-1;-1;-1;-1
-1;415;No;No;No;No;Partial;0;0;0;0;0;-1;-1;-1;-1;-1;-1;-1;-1;-1;-1;0;0;0;0;-1;-1;-1;-1;-1;-1;-1;-1;-1;-1
-1;414;No;No;No;No;Partial;0;0;0;0;0;-1;-1;-1;-1;-1;-1;-1;-1;-1;-1;0;0;0;0;-1;-1;-1;-1;-1;-1;-1;-1;-1;-1
58002;26;No;No;No;Yes;-;13000000;13000000;13000000;13000000;13000000;-1;-1;-1;-1;-1;-1;-1;-1;-1;-1;-1;-1;-1;-1;-1;-1;-1;-1;-1;-1;-1;-1;-1;-1
59184;35;No;No;No;Yes;-;7875000;7875000;7875000;7875000;-1;-1;-1;-1;-1;-1;-1;-1;-1;-1;-1;-1;-1;-1;-1;-1;-1;-1;-1;-1;-1;-1;-1;-1;-1
73825;10;No;No;No;Yes;-;3467828;3467828;3467828;3467828;-1;-1;-1;-1;-1;-1;-1;-1;-1;-1;-1;-1;-1;-1;-1;-1;-1;-1;-1;-1;-1;-1;-1;-1;-1
73871;513;No;No;No;No;-;60000;60000;60000;60000;-1;-1;-1;-1;-1;-1;-1;-1;-1;-1;-1;60000;60000;60000;-1;-1;-1;-1;-1;-1;-1;-1;-1;-1;-1
75198;34;No;No;No;Yes;-;7500000;7500000;7500000;7500000;7500000;7500000;7500000;7500000;7500000;-1;-1;-1;-1;-1;-1;-1;-1;-1;-1;-1;-1;-1;-1;-1;-1;-1;-1;-1;-1
78481;74;No;No;No;No;-;39500;39500;-1;-1;-1;-1;-1;-1;-1;-1;-1;-1;-1;-1;-1;39500;-1;-1;-1;-1;-1;-1;-1;-1;-1;-1;-1;-1;-1
78577;18;No;No;No;Yes;-;7000000;7000000;7000000;7000000;7000000;-1;-1;-1;-1;-1;-1;-1;-1;-1;-1;-1;-1;-1;-1;-1;-1;-1;-1;-1;-1;-1;-1;-1;-1
78806;34;No;No;No;Yes;-;2100000;2100000;2100000;2100000;-1;-1;-1;-1;-1;-1;-1;-1;-1;-1;-1;-1;-1;-1;-1;-1;-1;-1;-1;-1;-1;-1;-1;-1;-1
79104;15;Yes;No;No;Yes;-;5000000;5000000;5000000;5000000;5000000;5000000;5000000;5000000;5000000;-1;-1;-1;-1;-1;-1;-1;-1;-1;-1;-1;-1;-1;-1;-1;-1;-1;-1;-1;-1
81682;35;No;No;No;Yes;-;7613375;7613375;7613375;7613375;-1;-1;-1;-1;-1;-1;-1;-1;-1;-1;-1;-1;-1;-1;-1;-1;-1;-1;-1;-1;-1;-1;-1;-1;-1
84956;35;No;No;No;Yes;-;7088375;7088375;7088375;7088375;-1;-1;-1;-1;-1;-1;-1;-1;-1;-1;-1;-1;-1;-1;-1;-1;-1;-1;-1;-1;-1;-1;-1;-1;-1
85002;48;No;No;No;No;-;150000;150000;-1;-1;-1;-1;-1;-1;-1;-1;-1;-1;-1;-1;-1;150000;-1;-1;-1;-1;-1;-1;-1;-1;-1;-1;-1;-1;-1
85680;27;No;No;No;Yes;-;5000000;5000000;5000000;5000000;5000000;5000000;5000000;-1;-1;-1;-1;-1;-1;-1;-1;-1;-1;-1;-1;-1;-1;-1;-1;-1;-1;-1;-1;-1;-1
85838;15;No;No;No;Yes;-;5000000;5000000;5000000;5000000;5000000;5000000;5000000;5000000;5000000;-1;-1;-1;-1;-1;-1;-1;-1;-1;-1;-1;-1;-1;-1;-1;-1;-1;-1;-1;-1
86137;25;No;No;No;Yes;-;6000000;6000000;6000000;6000000;6000000;6000000;6000000;6000000;6000000;-1;-1;-1;-1;-1;-1;-1;-1;-1;-1;-1;-1;-1;-1;-1;-1;-1;-1;-1;-1
86172;578;No;No;No;No;-;180000;180000;-1;-1;-1;-1;-1;-1;-1;-1;-1;-1;-1;-1;-1;180000;-1;-1;-1;-1;-1;-1;-1;-1;-1;-1;-1;-1;-1
86415;58;No;No;No;No;-;135000;135000;-1;-1;-1;-1;-1;-1;-1;-1;-1;-1;-1;-1;-1;135000;-1;-1;-1;-1;-1;-1;-1;-1;-1;-1;-1;-1;-1
90051;1918;No;No;No;No;-;11000;11000;-1;-1;-1;-1;-1;-1;-1;-1;-1;-1;-1;-1;-1;11000;-1;-1;-1;-1;-1;-1;-1;-1;-1;-1;-1;-1;-1
90164;34;No;No;No;No;-;1710000;1710000;1710000;1710000;-1;-1;-1;-1;-1;-1;-1;-1;-1;-1;-1;-1;-1;-1;-1;-1;-1;-1;-1;-1;-1;-1;-1;-1;-1
91189;25;No;No;No;Yes;-;2800000;2800000;2800000;2800000;2800000;2800000;2800000;2800000;2800000;-1;-1;-1;-1;-1;-1;-1;-1;-1;-1;-1;-1;-1;-1;-1;-1;-1;-1;-1;-1
91468;983;No;No;No;No;-;110000;110000;110000;-1;-1;-1;-1;-1;-1;-1;-1;-1;-1;-1;-1;110000;110000;-1;-1;-1;-1;-1;-1;-1;-1;-1;-1;-1;-1
91644;35;No;No;No;Yes;-;14988026;14988025;14988025;14988025;14988025;14988025;-1;-1;-1;-1;-1;-1;-1;-1;-1;-1;-1;-1;-1;-1;-1;-1;-1;-1;-1;-1;-1;-1;-1
91664;23;No;No;No;No;-;1660000;1660000;1660000;1660000;-1;-1;-1;-1;-1;-1;-1;-1;-1;-1;-1;-1;-1;-1;-1;-1;-1;-1;-1;-1;-1;-1;-1;-1;-1
91743;10;No;No;No;Yes;-;1500573;1500573;1500573;-1;-1;-1;-1;-1;-1;-1;-1;-1;-1;-1;-1;-1;-1;-1;-1;-1;-1;-1;-1;-1;-1;-1;-1;-1;-1
141998;35;No;No;No;Yes;-;4338194;4338194;4338194;4338194;-1;-1;-1;-1;-1;-1;-1;-1;-1;-1;-1;-1;-1;-1;-1;-1;-1;-1;-1;-1;-1;-1;-1;-1;-1
142753;16;No;No;No;Yes;-;1160000;1160000;1160000;-1;-1;-1;-1;-1;-1;-1;-1;-1;-1;-1;-1;-1;-1;-1;-1;-1;-1;-1;-1;-1;-1;-1;-1;-1;-1
146358;21;No;No;No;Yes;-;4400000;4400000;4400000;4400000;-1;-1;-1;-1;-1;-1;-1;-1;-1;-1;-1;-1;-1;-1;-1;-1;-1;-1;-1;-1;-1;-1;-1;-1;-1
146874;25;No;No;No;Yes;-;3000000;3000000;3000000;3000000;3000000;3000000;3000000;3000000;3000000;-1;-1;-1;-1;-1;-1;-1;-1;-1;-1;-1;-1;-1;-1;-1;-1;-1;-1;-1;-1
147114;34;No;No;No;Yes;-;8650000;8650000;8650000;8650000;8650000;-1;-1;-1;-1;-1;-1;-1;-1;-1;-1;-1;-1;-1;-1;-1;-1;-1;-1;-1;-1;-1;-1;-1;-1
149264;23;No;No;No;Yes;-;1700000;1700000;1700000;1700000;-1;-1;-1;-1;-1;-1;-1;-1;-1;-1;-1;-1;-1;-1;-1;-1;-1;-1;-1;-1;-1;-1;-1;-1;-1
152717;10;No;No;No;Yes;-;1806561;1806561;1806561;1806561;-1;-1;-1;-1;-1;-1;-1;-1;-1;-1;-1;-1;-1;-1;-1;-1;-1;-1;-1;-1;-1;-1;-1;-1;-1
161008;418;No;No;No;No;Partial;0;0;0;0;0;-1;-1;-1;-1;-1;-1;-1;-1;-1;-1;0;0;0;0;-1;-1;-1;-1;-1;-1;-1;-1;-1;-1
161024;440;No;No;No;No;None;0;0;0;0;0;-1;-1;-1;-1;-1;-1;-1;-1;-1;-1;0;0;0;0;-1;-1;-1;-1;-1;-1;-1;-1;-1;-1
